"expected","file_name","sha256","rank","remote_path"
"can","can_7e710470b0474f464c79.jpg","c3a5647a8de1ca0b8d0854c93bb67ff9180ab29be8d8f05d8804de3bccf5f744","00473eda2c96fe1476f303ee6a8eced1dc0aad61ec3fed04ae4e0b0aa3d78d95","/share/Container/aihub_original_legacy_refined_materialized_v2_20260904/result/images/val/can_7e710470b0474f464c79.jpg"
"can","can_058b1a058a04f050fc7a.jpg","3a0ce0d0364dda02c1b7a3a2b2b6f363229efe7a883ed53addb02c0bcc4afb91","0063b1df334c0d2389f4f77459910057efc9e633540442d85927f6e71ce9e8bb","/share/Container/aihub_original_legacy_refined_materialized_v2_20260904/result/images/val/can_058b1a058a04f050fc7a.jpg"
"can","can_7fc222363b8b440a8378.jpg","c97a71b11bc4a10728de319319c2888756c128f28cc6cf27fe66753100c8c978","00899d50eccd6a56e466242a10fb6fed7f32dc8dafce978fa47b05a3067894d2","/share/Container/aihub_original_legacy_refined_materialized_v2_20260904/result/images/val/can_7fc222363b8b440a8378.jpg"
"can","can_3341a682b2b03b782240.jpg","2b05d84975879ce208a70d357686cc9ddcfa9ef86abf6468746b422e950ae002","00a58239526a66dd7f6019566ac8b3fba6d8ed2e6aa25e7064916c6d4e66c0a0","/share/Container/aihub_original_legacy_refined_materialized_v2_20260904/result/images/val/can_3341a682b2b03b782240.jpg"
"can","can_4bf8a2ab1a20571fc5ba.jpg","83c3e8c0e8757caa51932d7ae9172ae908a6bf4616f128ba8eea2f1f90c5a9de","00aa41ed8a00726f5a3c86314b7676879f9360af765d5bc1b9f60d6b18481c54","/share/Container/aihub_original_legacy_refined_materialized_v2_20260904/result/images/val/can_4bf8a2ab1a20571fc5ba.jpg"
"can","can_a7624fc64edc5cdbc988.jpg","84edcf8171041463f0c6a8c7594fac7d6f97681b2f99879501ae4b21d40fea8b","00ccf7743fcdccee3d1415339ca4b10c83d43628cef2f5f68a839039fd3dbdac","/share/Container/aihub_original_legacy_refined_materialized_v2_20260904/result/images/val/can_a7624fc64edc5cdbc988.jpg"
"can","can_551118c412cf295e2bdb.jpg","557fbcd9c4d1b45ed101248f963a445df4c2f4189ada9c8c97bebeba7b80c483","00facfa971439a4741e4214cda01ddec13a8a59a3cb20cd07ffe79b427eb3825","/share/Container/aihub_original_legacy_refined_materialized_v2_20260904/result/images/val/can_551118c412cf295e2bdb.jpg"
"can","can_8739fdb6f98904ec9744.jpg","a20301bb92e94c52826cc102293ba79f4e847edf5181da3472da12fe21380885","01257b591e575dd4e390f32c0c82da55c88f420ec1b71a5e86247cf1520df545","/share/Container/aihub_original_legacy_refined_materialized_v2_20260904/result/images/val/can_8739fdb6f98904ec9744.jpg"
"can","can_9843e8a853cb442787f6.jpg","9bbda4138d24037ac7cf4b75efbc6f893f8a02f970d519d206ea03f136740407","012bd2e0f393659bede013e19d6b962235bc2eb6a7f255ff6415d6d7adcf9e1f","/share/Container/aihub_original_legacy_refined_materialized_v2_20260904/result/images/val/can_9843e8a853cb442787f6.jpg"
"can","can_e28606a0b905d87d0caa.jpg","e094790b4963ae09ae81b7f7177b7086bdef488fb2bdddaa19357766fa23c5de","0156ad857881d9ad37ed0cc1791940a620f3d8bd40bde7f74c0409d18ded617d","/share/Container/aihub_original_legacy_refined_materialized_v2_20260904/result/images/val/can_e28606a0b905d87d0caa.jpg"
"can","can_ea122738ac89a01ed21c.jpg","3a25c2310b7b582c532744c3fe93cfc88b8d8f36ff84351c6cde9de77c5723cc","0157e3f75efae7f4abba46b485ace69739e4d3b2f9cd2e2370cc004750af6b51","/share/Container/aihub_original_legacy_refined_materialized_v2_20260904/result/images/val/can_ea122738ac89a01ed21c.jpg"
"can","can_50e56b4b066fe9b32690.jpg","9fd50a5ec495664aa2261479e27c8204acca8c0314b438f648c9aa434e945812","017c0237776c6ef564fd1cececfdc02bedbcdd332396c8a57a634cb7ec39a99a","/share/Container/aihub_original_legacy_refined_materialized_v2_20260904/result/images/val/can_50e56b4b066fe9b32690.jpg"
"can","can_8ba4d9727583e2fa6445.jpg","cbcc096012c5eb7d122a0bf12a283592f98480379c752801af6aebf58b58c122","017e2612a679cae787e476e49e3f10d9ba19ee0aa84b2b5473b255813880eb99","/share/Container/aihub_original_legacy_refined_materialized_v2_20260904/result/images/val/can_8ba4d9727583e2fa6445.jpg"
"can","can_75ba0f28005fead9a7ff.jpg","361c1aa3acc60f407f1b67d442c5162ec2a6509d44d9c11c06971dc5d6cd03d3","018ec3155673fd563c06bc95882cfe48006b9da7179b5291eda31c9de426aff9","/share/Container/aihub_original_legacy_refined_materialized_v2_20260904/result/images/val/can_75ba0f28005fead9a7ff.jpg"
"can","can_198750f2519891338b47.jpg","a40bd0167ae4d5cc033a1273a11601bcb9ceb34b84f3a59aa4096d0e4320cdb9","0195eb88fe97ceeee1c870046384f3949aeb93bc827a2b6595320a81061c756e","/share/Container/aihub_original_legacy_refined_materialized_v2_20260904/result/images/val/can_198750f2519891338b47.jpg"
"can","can_c4a6e506752d25be1078.jpg","a2a1d6551b311404df7f5c34c868e4ddc4d2b834cee3c2809091c33a9ed55dc1","01a160e677e04f58253e0982a0b1e12506da869be9e4be53c4ad550bd0e61a1e","/share/Container/aihub_original_legacy_refined_materialized_v2_20260904/result/images/val/can_c4a6e506752d25be1078.jpg"
"can","can_ebfe30ccdebb9f3f59ed.jpg","fe85bb880eba0cfce2d742aee6abe460bbc93ace6c146e8ee2cad6409cbdedda","01a84a1202cc74c350b9503ae1353d47f142820ccea51eaef1c8dee209867e67","/share/Container/aihub_original_legacy_refined_materialized_v2_20260904/result/images/val/can_ebfe30ccdebb9f3f59ed.jpg"
"can","can_2f093aedf3d30c0c68b2.jpg","d68aa8b5247f206ee71cfeb73b724c72951620251a84e639399e5168d2a2d124","01c4949a997a3e650b5aed01a08397e326c40aac45af394e08366bb4c8ff9d12","/share/Container/aihub_original_legacy_refined_materialized_v2_20260904/result/images/val/can_2f093aedf3d30c0c68b2.jpg"
"can","can_3d1cb6f8223efd3de80b.jpg","addd2e4a458f9aa2f9cb44ab48e942273b4ac8230b62616967a4e7eb168160dc","01d2b1859a8c7f8c3dd821de0d6948eccf1180606e59e6e24f4eaaf50f237c77","/share/Container/aihub_original_legacy_refined_materialized_v2_20260904/result/images/val/can_3d1cb6f8223efd3de80b.jpg"
"can","can_a854329b936fb4266fe5.jpg","de390d7582117bf7469b412894b9d422b119f87f7b6da4e53ef1ac608cd959b4","01ec303cd9ba9b45bcdb0f72f438689d0a686d714d1ecd72aa729ea98355373e","/share/Container/aihub_original_legacy_refined_materialized_v2_20260904/result/images/val/can_a854329b936fb4266fe5.jpg"
"can","can_017a9c2bef6053f96b60.jpg","42d327e95054a3ea0d042dc2f52c2ecae7d8f1988819a2d9666f63c45bedd9f9","01f9014cd2172ab7f287beeb4dc1fdf3a37d470216fc999e60cad631c930cb02","/share/Container/aihub_original_legacy_refined_materialized_v2_20260904/result/images/val/can_017a9c2bef6053f96b60.jpg"
"can","can_e1758b5c76c3e48d280c.jpg","1d63d30f67d2d0c9dd968701c7be5fe187dd89df783933a4c045cc64d9118b64","020d41415573b589c0e51619c290285a6662f54fb45100915997a12f7ec53cb0","/share/Container/aihub_original_legacy_refined_materialized_v2_20260904/result/images/val/can_e1758b5c76c3e48d280c.jpg"
"can","can_b1ae4861f19daf0157df.jpg","75fd8c26c5df1da006498fd13f093ae670a28c71cd8b37116df539d91f829107","0210b11c52562e8de1ac63d0115e0464e9dfb76aae7af91af1d45050829588e1","/share/Container/aihub_original_legacy_refined_materialized_v2_20260904/result/images/val/can_b1ae4861f19daf0157df.jpg"
"can","can_b5df18dc5141ea2fa927.jpg","5f24ad4b8074f42c6536ec4133034732ba559423b4ab98a9ca2360d1b06bf928","0210b30fe375652a1cfd22a75734afdef06fbf2138c07ad09f7e72235f0d9999","/share/Container/aihub_original_legacy_refined_materialized_v2_20260904/result/images/val/can_b5df18dc5141ea2fa927.jpg"
"can","can_d5d50fb4d9a0e7013a8c.jpg","a83699eb0f8a7149fe69fdbb3ef2898bc8c3ba21906822d79ce0e0df6bc4f4bd","022768c1cf2e82616446b17a3f1e1767130f8259220dfac883723ddc2132fd5a","/share/Container/aihub_original_legacy_refined_materialized_v2_20260904/result/images/val/can_d5d50fb4d9a0e7013a8c.jpg"
"can","can_ba6ba5800b567abadefb.jpg","0235382b19a9b6729d48bcc4dbb9edbcaf003449a17489cd750301f5ffc05949","0252be0070c7a5c3942ce423a48d24c44c29acda1c34b9f5cad2db5ee01374a5","/share/Container/aihub_original_legacy_refined_materialized_v2_20260904/result/images/val/can_ba6ba5800b567abadefb.jpg"
"can","can_055d6c6a44ceef8cf0ad.jpg","a83999c4e14eb781a70aa1f43cd1cc6cc35d4cfc83e7dc417bdfb310f45e98f2","025773e0bcfa59636cfaec41547b0396d9bef9cc028459b95becd5ccf114ff6f","/share/Container/aihub_original_legacy_refined_materialized_v2_20260904/result/images/val/can_055d6c6a44ceef8cf0ad.jpg"
"can","can_8dcbb6f71cf6c1323cf7.jpg","e8d7f10e3069c5d350fbfa7a723cfaf4d7c6bc4f535a35891ff2aebac7acb51b","027605beb413c9cf48db68da1e55ec1416516ea870fa5d777907df7921ed8d32","/share/Container/aihub_original_legacy_refined_materialized_v2_20260904/result/images/val/can_8dcbb6f71cf6c1323cf7.jpg"
"can","can_04beb4d6c9567837698d.jpg","123c6b52d04b68a3b3e0c29a3dde67d0cc9d37730b6e72eaf391bbdf9c647308","02bd61a4318dbc6cd5ed06aca6e32604ef3a46c47b9bc121c230d95d11d57f61","/share/Container/aihub_original_legacy_refined_materialized_v2_20260904/result/images/val/can_04beb4d6c9567837698d.jpg"
"can","can_7eaaa992086459da287b.jpg","300e2c14f1d4fbec9cbcc187579ec6efec086b0e68e581fd042d0de1ad59a7ef","02dbf0962d30a69639a1c533b71be46df56bdf15e5bf0a9f2ef4129b1703a2c7","/share/Container/aihub_original_legacy_refined_materialized_v2_20260904/result/images/val/can_7eaaa992086459da287b.jpg"
"pet","pet_a4f1ba1a0d295351cbd1.jpg","c35fadb750f2976f6f057fe405e0c2478b5165f14e6441e99a5a2a01c54836c7","00029cff6219e5f93fbe0b5e00e094af7997785a9c8069118a7b9d72e97746b1","/share/Container/aihub_original_legacy_refined_materialized_v2_20260904/result/images/val/pet_a4f1ba1a0d295351cbd1.jpg"
"pet","pet_cc5782d59022f0eedadc.jpg","ba3006f43e5901ff6c14643dd6b75079d34ce1cd7f718a7f56db9f03a6a3dca8","0056f60120448c178d6b0d1539db18ff2408aa1466e8cb86111e67d6eb14b36d","/share/Container/aihub_original_legacy_refined_materialized_v2_20260904/result/images/val/pet_cc5782d59022f0eedadc.jpg"
"pet","pet_79e7950bf6060634c88f.jpg","1a9094dae7958be191b6a2c3b746e38228a5298170631ed65210507ea98f6c3a","005ef5d7dade26d98436b24c2937c88bb92d7df83f5a69dd7a7076487cb0422a","/share/Container/aihub_original_legacy_refined_materialized_v2_20260904/result/images/val/pet_79e7950bf6060634c88f.jpg"
"pet","pet_dfaddd63370e408dbf31.jpg","64552c9a01fa0aa53cb15bf233067a48f7a86f0d2dad21bcbfabbc31eab5e85e","006a554062acc40ccc07d5f731a790a2f12524e29ddb7d15df295c582cbccb8c","/share/Container/aihub_original_legacy_refined_materialized_v2_20260904/result/images/val/pet_dfaddd63370e408dbf31.jpg"
"pet","pet_b7f6782d74b8e5b96546.jpg","367de3c564a5ce0de50943fb2f5dc151472c62985bb52b908c93b1c434746a50","006b7b2a67303f4bc1c5dd0eab8086dc5275dab5ee72f4c430e3c0ba121a75b7","/share/Container/aihub_original_legacy_refined_materialized_v2_20260904/result/images/val/pet_b7f6782d74b8e5b96546.jpg"
"pet","pet_84d26aca13b01cf86fe0.jpg","91e8b777f9e5c07cd4c1f0839c873d23cb65c5a4ab766f5b05c41e2b01047ccc","008c75dbe9e43cbfa619c3de316da65c8cbf19ee5bee483533a8e1dd51e44a93","/share/Container/aihub_original_legacy_refined_materialized_v2_20260904/result/images/val/pet_84d26aca13b01cf86fe0.jpg"
"pet","pet_6cb72de85f3f20741c46.jpg","a45807ef5a3ae82a3d35f771d5277ab59ce9376b2b6f7d3dacb27e669bad7a88","008f0cd51aafc0101d5399428bbb58256d7f76aa67194c6631d15d929c76c90b","/share/Container/aihub_original_legacy_refined_materialized_v2_20260904/result/images/val/pet_6cb72de85f3f20741c46.jpg"
"pet","pet_3bb8250ad3bfc9391d6c.jpg","14657f3eace22817b791850ba8e43e895eaed4506fd99195726457abf07ab8a9","008feb7ce00090ace36c2e9810470f797c8c7786b324f17eb59f69acf0dcad60","/share/Container/aihub_original_legacy_refined_materialized_v2_20260904/result/images/val/pet_3bb8250ad3bfc9391d6c.jpg"
"pet","pet_b3b64babd5fdd471f232.jpg","d2cb7642ad6d056163f81fc8d70cf6094e78d9b56c355df80d605df423ef3986","00a144e59a9250e3601310d0aa7e4814ca693288b5cd4bfdc214d5e94703bf65","/share/Container/aihub_original_legacy_refined_materialized_v2_20260904/result/images/val/pet_b3b64babd5fdd471f232.jpg"
"pet","pet_a79e060bc2b58f52f9e9.jpg","531d7fcb396dc3bc7f3b6ec33e9852ce4bfc1b625f7d70cf45454dc8a03341ba","00b1db880fb93c4fcfbb78c4d23df8031bd38fddd75de603336aaceb39408eed","/share/Container/aihub_original_legacy_refined_materialized_v2_20260904/result/images/val/pet_a79e060bc2b58f52f9e9.jpg"
"pet","pet_39aa8a585b9995c5598d.jpg","790630794cce84f850759a03c1c67cff2a846082b2ec256a7cccbfd9620ba659","00c0cc9dc18bad7f21f4a4990b839bca5f67c367c046a8b4927905226111fdff","/share/Container/aihub_original_legacy_refined_materialized_v2_20260904/result/images/val/pet_39aa8a585b9995c5598d.jpg"
"pet","pet_23529b77b96e635537af.jpg","af3bb9de9ee6600d49064e526ca917ad00057099cc4ede6ba592aeb016768ab0","00c844ea114848cceac40fa8f8edfc0024e7ab32003e0d2024a8450b3ff8805b","/share/Container/aihub_original_legacy_refined_materialized_v2_20260904/result/images/val/pet_23529b77b96e635537af.jpg"
"pet","pet_cc97cc498e710f0b32f7.jpg","9296aacf6fcb95175f32f6d6221869b993917be19babe9b5fc4940c1ae5ba105","00f57fcc3dde6861b484a844778694f1a127e0cd092cadda2bc5547e0fd5212d","/share/Container/aihub_original_legacy_refined_materialized_v2_20260904/result/images/val/pet_cc97cc498e710f0b32f7.jpg"
"pet","pet_f7b3f14d2dfc13bbcb33.jpg","9b7c3ed145a1474582552ab2a54659828989d2fa37ea01d1135ecc8d41c485e0","00f9b9799355c3075b8923c082be06b0bb467c206824deb7d8a04845c862d164","/share/Container/aihub_original_legacy_refined_materialized_v2_20260904/result/images/val/pet_f7b3f14d2dfc13bbcb33.jpg"
"pet","pet_e9eb72624e77136f8261.jpg","c6cb5b161446761dc5f4bcf1812acabd1ea6daf384bb1ac3a61846c0a4013332","00fcfe7d7d9d164782fa41a912bd4e9639b3611d6770dd898b4d55aa5a019091","/share/Container/aihub_original_legacy_refined_materialized_v2_20260904/result/images/val/pet_e9eb72624e77136f8261.jpg"
"pet","pet_16f75c415fd2c315ebf6.jpg","2472603bf299285a8db5d82fd0845500dbceeac56045df38b40a1cd41e13406d","01155555709de023992be1f86c3152ded0615ad5ffdd6edf42cc6bcf0053a760","/share/Container/aihub_original_legacy_refined_materialized_v2_20260904/result/images/val/pet_16f75c415fd2c315ebf6.jpg"
"pet","pet_583f4fb42d806e66524c.jpg","d250cd2ed8bd66a1dbca0010a84992512bd1b78add0555b454763891881b38d0","01268f4defee62822e381f4b95f942b9ef0acf57d3d5ded237134c3dbf88ae2a","/share/Container/aihub_original_legacy_refined_materialized_v2_20260904/result/images/val/pet_583f4fb42d806e66524c.jpg"
"pet","pet_0e137f84f5f129f9332a.jpg","0dc3f57f10c44074de5faa03424409beef3a714048d1dd71d0398420c1afd4e4","014333de0bc1030ed490db4dd44165c0c188f22a236207b60774f7020b29273f","/share/Container/aihub_original_legacy_refined_materialized_v2_20260904/result/images/val/pet_0e137f84f5f129f9332a.jpg"
"pet","pet_509c9da66539e5c2931f.jpg","03e03a4753f4c67532a8fc4e39c7a3c61f2bcbe9136eb5699c451a3722fecb6b","01512be6fb6e8a23f495b9182d1c6a1d6f0f1ea861260a7c325cdd397ae227bb","/share/Container/aihub_original_legacy_refined_materialized_v2_20260904/result/images/val/pet_509c9da66539e5c2931f.jpg"
"pet","pet_4e45a5c87722fc2d182b.jpg","0769998dc666e071eec5d77f7757ad126e89e533eb2473f2e081eafe0ba07bfb","015c9da9058e363eee4f34bade07f2cf774ec5216f8e7517de062408e1d54511","/share/Container/aihub_original_legacy_refined_materialized_v2_20260904/result/images/val/pet_4e45a5c87722fc2d182b.jpg"
"pet","pet_17a7853608566f38f5d8.jpg","12e2c16eed6ee7b8806f7071f358f21dd6c37c8c4ad4915658fadf58e346ccdb","01a4faad7f9ea01c46fd1149ba033db92c5b6aa8a236f59ce166b78ccda2ca6b","/share/Container/aihub_original_legacy_refined_materialized_v2_20260904/result/images/val/pet_17a7853608566f38f5d8.jpg"
"pet","pet_4489771dc9b9e7230d44.jpg","716a79927dc6ce8478355a1c6c4636e6a29b5b30cd75b509342c6c0bbf70b40a","01b3065e333b5f069b6ef74f2488dc1591b8895900579bdf635a5dde9573e342","/share/Container/aihub_original_legacy_refined_materialized_v2_20260904/result/images/val/pet_4489771dc9b9e7230d44.jpg"
"pet","pet_b7cf2f5812618e9676e5.jpg","02e7bf3ab9822445504f17719cd6b93c6adb8ee8172541c85962bed6f4f17c84","01b76a3ce4a17ebd4336c07ad42a8446dbf4d4b0e6e76d436900aae7178a2ef6","/share/Container/aihub_original_legacy_refined_materialized_v2_20260904/result/images/val/pet_b7cf2f5812618e9676e5.jpg"
"pet","pet_3dcd784c9e6aff1bea5e.jpg","75f513f7a739aee3ef69cfe69012aac63be95ebe37d2a4e38fa49e4a6a60f8e7","01ba5a5726ebe95f7fc33d3a2032097a4fdd8456cf5fcf4a3432737ac2be6c80","/share/Container/aihub_original_legacy_refined_materialized_v2_20260904/result/images/val/pet_3dcd784c9e6aff1bea5e.jpg"
"pet","pet_758a868cbdb96fd898b6.jpg","029d48c677a354604663e751fc471ccd9558c1479ddc73d248f8923ae37ea85f","01f2c402e4ffe3b466312a1012a01c03bc71c6d34ff2289b9bd7fde557b849a8","/share/Container/aihub_original_legacy_refined_materialized_v2_20260904/result/images/val/pet_758a868cbdb96fd898b6.jpg"
"pet","pet_c0119fcc2267102533e3.jpg","504f5d61fe8fc838b10ebfa16bcb2b1df6d8f962ce0c0d689abefb5e899a904d","020f4aee44a797fac6f2b51e429f1c6cc57e868b477c2be9e72ae70e5135b3d0","/share/Container/aihub_original_legacy_refined_materialized_v2_20260904/result/images/val/pet_c0119fcc2267102533e3.jpg"
"pet","pet_4ece841f1cce10b81dbc.jpg","a044fb370daf256cee23a595c799087f75cb957419c6067f35accf617c804d76","02175210815e91d940f0097053b10d236e1657f43aaec0cb4e2106f483641df4","/share/Container/aihub_original_legacy_refined_materialized_v2_20260904/result/images/val/pet_4ece841f1cce10b81dbc.jpg"
"pet","pet_9757c20812a61b46dc06.jpg","bdb22ad23ee775806ced3e8f007a192b01b344ed773905df145527cceee8878d","0225841f4097a66092425574e40bd21b65554aa5875d23d2ca20800ce1744cde","/share/Container/aihub_original_legacy_refined_materialized_v2_20260904/result/images/val/pet_9757c20812a61b46dc06.jpg"
"pet","pet_cbf7d6eeade7cc0f8cbf.jpg","1e9580712a1173bc8d0ba12061ebd2796a15d12e62663de73025847a9a491418","02280da6dcb31c0ade9139281240c79e1f0d9efb32d3f88bdf00463a67df76d9","/share/Container/aihub_original_legacy_refined_materialized_v2_20260904/result/images/val/pet_cbf7d6eeade7cc0f8cbf.jpg"
"pet","pet_be771eafe49b155685ba.jpg","3279ec0fe30735d9dcfa766fc9d619d2470c731e23cda7a71cbb917b236fdf7f","024e0f00a8b86ac1952e2e4d13ff8e8db9ce4d184cc4ee614002fce337aefbc6","/share/Container/aihub_original_legacy_refined_materialized_v2_20260904/result/images/val/pet_be771eafe49b155685ba.jpg"
"paper","paper_bb3fefdb721b04727570.jpg","b46c3732c383b007fb901b2870e491a1126dd21aee7be1c776a2f62d45a1b4a7","00229cbe83df2553c9a9a68b402900c74c6de45024c7f05686e7f61c9b7a6d73","/share/Container/aihub_original_legacy_refined_materialized_v2_20260904/result/images/val/paper_bb3fefdb721b04727570.jpg"
"paper","paper_5551148618d9d9da998c.jpg","4a674cea0198a24a68601ffc20d1d267b9bf8cf8744398870fa37e45109e5b59","0037f9360f4a7533c986a82f98e621dc4978637387e803a6cfee997f95e61c7d","/share/Container/aihub_original_legacy_refined_materialized_v2_20260904/result/images/val/paper_5551148618d9d9da998c.jpg"
"paper","paper_14476a0df1e41963af0e.jpg","7c3745c8660874899d0e4c8023abe68f45e4c5076df5f7d79902d6402bb03eef","003c577bb366f6de534224585cf017be1e31859e89ffcfabad3ff48f26b5507b","/share/Container/aihub_original_legacy_refined_materialized_v2_20260904/result/images/val/paper_14476a0df1e41963af0e.jpg"
"paper","paper_efcf53624012a37058f3.jpg","28a317fba9c427a534f1ba0e77c45f5194fdacdde6d7a74f5970965e7bd6fceb","004720f552b8306336c404769e1372052096707e0e034e7fe9ef8f09abea1964","/share/Container/aihub_original_legacy_refined_materialized_v2_20260904/result/images/val/paper_efcf53624012a37058f3.jpg"
"paper","paper_a1c22bd0bc312726a5f4.jpg","4d7c5b178a902fc48a84139e1ce3c9cfc5db02dda9ba0aea121113a1d8f8a03b","007033d65ebb94e9715ad9e5488754aa5c225a8e1b795d991b34332f3cc979c1","/share/Container/aihub_original_legacy_refined_materialized_v2_20260904/result/images/val/paper_a1c22bd0bc312726a5f4.jpg"
"paper","paper_e6538026b965d0a0a3b5.jpg","53651a898f52de9cee92949a422421ea362c1b2f573342c16a28b01b8e113db3","0092af6590c3119ac400bdd299dc14ec1570e4a1d8688cada14fb4a69461920f","/share/Container/aihub_original_legacy_refined_materialized_v2_20260904/result/images/val/paper_e6538026b965d0a0a3b5.jpg"
"paper","paper_86647adb57c9603a44b6.jpg","37887f1ea051f6a7085d596756c7280bec6cb64f2e0f613ee0a44c7bfb01667b","00a9914583b4b8cf3ace9ec916c4e36eb8782b34bb4ec4bff596330b215e20a8","/share/Container/aihub_original_legacy_refined_materialized_v2_20260904/result/images/val/paper_86647adb57c9603a44b6.jpg"
"paper","paper_ed9c40eebcce47a6ed5e.jpg","406713fa9329d6d557dc682ccbccc81670140303cec2979b01c8b29cf692cbcc","00e3b1780ce52ec6653686d1de9dd7f9457b41d0ae7ec629bbfc5d6c7d65f138","/share/Container/aihub_original_legacy_refined_materialized_v2_20260904/result/images/val/paper_ed9c40eebcce47a6ed5e.jpg"
"paper","paper_6bf56fef10e8f0c0fd28.jpg","70af0e24fd6b28b43d6a56becace4670cd55c4926c5cdd9903ba481248d82b9d","01120351eb29a0ca8da40ea676252c9bf8533021e6ebb3c4756a1806595dcc18","/share/Container/aihub_original_legacy_refined_materialized_v2_20260904/result/images/val/paper_6bf56fef10e8f0c0fd28.jpg"
"paper","paper_12453cc6dfbcdab8ecfb.jpg","df4ff2d5089e8c4734a9c8290555b5da62b3fef29f556730ac6ef0356082b64c","011c52880bb33e4e929e0b57cc20cd9249b0d785d894807780f5ccc1f5f75c21","/share/Container/aihub_original_legacy_refined_materialized_v2_20260904/result/images/val/paper_12453cc6dfbcdab8ecfb.jpg"
"paper","paper_13d2f32e755684c230d8.jpg","ac8419b0e1e6e7f9d47792b5c0bd6b20d1a8875544ca42f9ce36287bc57222c5","016cb24b5de08274b4aad4740c05841c24f92536358e54a6d26ecb03ff1208d7","/share/Container/aihub_original_legacy_refined_materialized_v2_20260904/result/images/val/paper_13d2f32e755684c230d8.jpg"
"paper","paper_f997c4d4be6116e91c7b.jpg","e2cb03adc0c381131eeed78fb7758fc0acb533d301f9f8e0b8c2c6676ed2c5f8","01a17380e928c4dd3cfb41c7f5dfda29b99bd575c59374e33f0d70b4448e94c9","/share/Container/aihub_original_legacy_refined_materialized_v2_20260904/result/images/val/paper_f997c4d4be6116e91c7b.jpg"
"paper","paper_a8428755b9615d656ced.jpg","97e0e1e39de5dff69c53095369dbff034f4f1ce6524bdfcd5713eca626ade8bc","01a8331f2b011840e5b51bbbfa9791d4057e18cfad485c1935a7de0ffa03c70f","/share/Container/aihub_original_legacy_refined_materialized_v2_20260904/result/images/val/paper_a8428755b9615d656ced.jpg"
"paper","paper_233b658818f03fa378d0.jpg","0ef1dfac6bbca31a50dc72ffbb78b737291b6e89df7ac506efc8bc25d366629d","01e5f181f296e9ca85d1a6e28ae009e24f4a366408f750e4c61c8369dcb295c5","/share/Container/aihub_original_legacy_refined_materialized_v2_20260904/result/images/val/paper_233b658818f03fa378d0.jpg"
"paper","paper_6bdc547ee7705be64122.jpg","926284cf9c388955211d052ecef4f52365a8bb9575fab003b7572863b6cc31e5","02026d0978296dd918b2d3c416ed4237618823bed2773bad9e1eb3c747f82d94","/share/Container/aihub_original_legacy_refined_materialized_v2_20260904/result/images/val/paper_6bdc547ee7705be64122.jpg"
"paper","paper_eddf30e64d9ade00c6d6.jpg","bc6129341c7f04c161c808275c38b6dd0d07b6034eb1cd957383736e071739be","021584c3cf3ea5aca049eb1f6758a15fd4fb98d8725233d34985756fb2c548d6","/share/Container/aihub_original_legacy_refined_materialized_v2_20260904/result/images/val/paper_eddf30e64d9ade00c6d6.jpg"
"paper","paper_050b46663eccc701c5d6.jpg","d1d95337b27bb896c2ab3f20c5c6c6e938070ab05fffbfa16d31845949ebf19d","0228c97f5a8f6e1d283d75862bf77ad80ea14bf9af990812d84e9d9c5dd73617","/share/Container/aihub_original_legacy_refined_materialized_v2_20260904/result/images/val/paper_050b46663eccc701c5d6.jpg"
"paper","paper_0a60f279a2fa66fa8fa6.jpg","229b42dbe633e896e6e3766a7604a1dc6f59554ffb6ceecdeeee1ea972bdead1","024dddf3d2384d55cff039692cc2fa8858d93d3e8bc8e92e33e952a2cd6ea345","/share/Container/aihub_original_legacy_refined_materialized_v2_20260904/result/images/val/paper_0a60f279a2fa66fa8fa6.jpg"
"paper","paper_cbce133213eca6d071b1.jpg","c51fc80fa291a0def38534b2b5037c54374a932e6bc75357a0294d91c2906d05","0259c6c131f970f26d020ca040446031d8a0f3443c4e3b7b176f72d551a2bfa7","/share/Container/aihub_original_legacy_refined_materialized_v2_20260904/result/images/val/paper_cbce133213eca6d071b1.jpg"
"paper","paper_50c2274425d180ba4a7c.jpg","f08d00802fe0ebff81b13a193474d611f75adae2ad984a8f25a9e1a12129673d","02d792addf63ac4913a2590f8d2e58a4f4cf4ee895b9f6ff2d2862b4d9d1649f","/share/Container/aihub_original_legacy_refined_materialized_v2_20260904/result/images/val/paper_50c2274425d180ba4a7c.jpg"
"paper","paper_fa114c98b63f9a0c63d7.jpg","307624dc5018a49522cc614dee6d5eb7189c2ec6d1e7e918ee21235e28642085","033be32a64bb08f0b610f838270946145a6efc5fdbc9307cf357876672ef41a2","/share/Container/aihub_original_legacy_refined_materialized_v2_20260904/result/images/val/paper_fa114c98b63f9a0c63d7.jpg"
"paper","paper_9e15f3336a5bf94fff47.jpg","b07b8d5376a9ccc68bb3d52eceb46d99cdfb157a2406e0f0b0f7f54096e15b55","0358c30724037e66d8cc8cd97c226b69eece99464463a413a0359c46e58c3d87","/share/Container/aihub_original_legacy_refined_materialized_v2_20260904/result/images/val/paper_9e15f3336a5bf94fff47.jpg"
"paper","paper_6c4a7d849162447907b3.jpg","af462eac0f0b9fc593734556599c6196ead198a01e761a72f7b4340d4932451d","036858f9facbdc6f6110cf304455a52479138b5140b524ce5d2de5393df52033","/share/Container/aihub_original_legacy_refined_materialized_v2_20260904/result/images/val/paper_6c4a7d849162447907b3.jpg"
"paper","paper_ec561571ec3275738c38.jpg","90dee8908a80cf1b0f531a3f1dd6e80e48a47c20ed23fb7062c5e55b5796dc53","0377c9bcd6c8a677c5856e41bd7476e5f0efc7c18fcfbf925af8c4cb34693eae","/share/Container/aihub_original_legacy_refined_materialized_v2_20260904/result/images/val/paper_ec561571ec3275738c38.jpg"
"paper","paper_2a2ee626ff13540437e1.jpg","13a18932e859f7fab142930ab8cdc25c8823273452b5d45ffd22ebbb8c40c403","03e62329f5ca395c202be022291bc865ee444bfa2559131dbd97748a3156e0bc","/share/Container/aihub_original_legacy_refined_materialized_v2_20260904/result/images/val/paper_2a2ee626ff13540437e1.jpg"
"paper","paper_4966634d107c21b5ce41.jpg","99a20925a29900e06f8f6e527916f223d87ee097bf8ec0eae59dfc44179f5581","03ed7160f3dc218984d79c5c05cba9fdf129d2428fc89b8391339a93c5ec757d","/share/Container/aihub_original_legacy_refined_materialized_v2_20260904/result/images/val/paper_4966634d107c21b5ce41.jpg"
"paper","paper_0d9ffdcfcc3c0824410e.jpg","550561302f0bce0090180657c76feb291156631d1e66c72a81ef0bccf7db4c8d","03fd92438242040239df22421eb2cc3171d7aa92609aa70222ebf0f8cbb2b2c2","/share/Container/aihub_original_legacy_refined_materialized_v2_20260904/result/images/val/paper_0d9ffdcfcc3c0824410e.jpg"
"paper","paper_07eeda8d682130e38fcc.jpg","0b245f635b67ee6aff4dc2e81da4600c19ca9c82cc5a5acf4ce14fc9ad262da3","046771f9030c800f93f3715a50f259c01960bff806f4536929e8c33909eb0f42","/share/Container/aihub_original_legacy_refined_materialized_v2_20260904/result/images/val/paper_07eeda8d682130e38fcc.jpg"
"paper","paper_17d8466421a47e722c46.jpg","58f161924f061bc128a1dff0640fb3435d883868ca9ce9efe839e34ce21d242d","04c2b2965900ec302f74a12c8aa0bef8e9cb8e72a966b0dcad1636bdfc655bc2","/share/Container/aihub_original_legacy_refined_materialized_v2_20260904/result/images/val/paper_17d8466421a47e722c46.jpg"
"paper","paper_6deea10c259bb7e60965.jpg","03aa668c8bf73e38234476518ce4386a91f0a54c45dc62e56b028ddff9fe37af","04f94d79bd1eae48d44b240b66efe5b455d976743ee0e443cc981bfb40d858a4","/share/Container/aihub_original_legacy_refined_materialized_v2_20260904/result/images/val/paper_6deea10c259bb7e60965.jpg"
"plastic","plastic_bf514cf890d30dea44c6.jpg","d501668b6658d75c69a30e628bbd7d45e685e768b27c8d4632ac85c89cf0204c","000649384cc62b05a249ec3ba8ac3bfb783d02318fe27c7e5183c87569c90cf5","/share/Container/aihub_original_legacy_refined_materialized_v2_20260904/result/images/val/plastic_bf514cf890d30dea44c6.jpg"
"plastic","plastic_95adb13c76ddfe0ac864.jpg","40f1b9b5609c6ad42193d271ba08662863fb585cc6d5654ca13ad4240ed492c7","0009256ae1564f2c6946091b2e0686f5354b797668ef2f6e43751d31312cc9ad","/share/Container/aihub_original_legacy_refined_materialized_v2_20260904/result/images/val/plastic_95adb13c76ddfe0ac864.jpg"
"plastic","plastic_79778718b97a30e8b409.jpg","5214214dc00961dd46ada8dd860cf30a71c994d067fd532067122e813d05ea16","00117c07cf900724f1ba02b069c5062b6d9305067cd396f4b3408581059f679d","/share/Container/aihub_original_legacy_refined_materialized_v2_20260904/result/images/val/plastic_79778718b97a30e8b409.jpg"
"plastic","plastic_a8f54f63ddafe7907f0b.jpg","a25f73f1eb93bfa352a6b02db6feab79e977d716ed401a1208673b5c8cf217c7","0015891f37b0c91282275139b6fb31946a0042039f0f7fb9f076a9b9f474e02b","/share/Container/aihub_original_legacy_refined_materialized_v2_20260904/result/images/val/plastic_a8f54f63ddafe7907f0b.jpg"
"plastic","plastic_dcc800abb5180339e6b3.jpg","b779c67929a01ee94b51ac99d6372074eec7583f7651da62f225f500e728349f","00201e8577a03c82006eae1a08c510893e429a3c4414f07b2f754e86c42f3a0f","/share/Container/aihub_original_legacy_refined_materialized_v2_20260904/result/images/val/plastic_dcc800abb5180339e6b3.jpg"
"plastic","plastic_e2824fb08a96b507442f.jpg","33682a8522715b59b1643aceb0e8d390c53e4fef35670848ddf28b295ba385a7","0022a881e081182710ba088170018e5172fe377c5be5b1d60306e4f5ea6fa414","/share/Container/aihub_original_legacy_refined_materialized_v2_20260904/result/images/val/plastic_e2824fb08a96b507442f.jpg"
"plastic","plastic_a1b0d53042ac8e01dd29.jpg","5048ef987fbe460835ac4a5828f8325d0fd429a403de08a24ce9a9f17910bbcf","0024d458bd473f19d4ff4dbe0b736b4ded866750c0de93789593f1a77bf21371","/share/Container/aihub_original_legacy_refined_materialized_v2_20260904/result/images/val/plastic_a1b0d53042ac8e01dd29.jpg"
"plastic","plastic_bf1ec4ce3165f11cc39c.jpg","2e0d1d014b04718dc7d208f78217d1581474f6559508a71cf25a80813d3df64d","002f77ce064aad800c6da13adb099f482607a05f88f80f8b8f8d9730c41884a4","/share/Container/aihub_original_legacy_refined_materialized_v2_20260904/result/images/val/plastic_bf1ec4ce3165f11cc39c.jpg"
"plastic","plastic_2681dfbe8bfce382a7dc.jpg","8e1cca2d849384182fbd95923ce276271582607c064708887d096cd3fff775cc","0039d2eacf70185ebf2ac280a9c85c6ce1eaae11c92a569bb098343bd22ee5cb","/share/Container/aihub_original_legacy_refined_materialized_v2_20260904/result/images/val/plastic_2681dfbe8bfce382a7dc.jpg"
"plastic","plastic_5b0201cc2092946702f1.jpg","742d0eef2240f473c09d9e7c2523664d53c75d536b36b036434a52ecc5b69cea","003a28e45da6d8ba600318bcb13ebec03ad55e4d42f26382f57cd81ff6e92994","/share/Container/aihub_original_legacy_refined_materialized_v2_20260904/result/images/val/plastic_5b0201cc2092946702f1.jpg"
"plastic","plastic_be98218bf22d9b84c44f.jpg","f54c1d77298f9066ab20ae6a4be8defe7a09786e08983fb9bd8d13a263893665","00406cf04b529d5474d9faccc5d676386acad57b83fc88bd387043211f765dbd","/share/Container/aihub_original_legacy_refined_materialized_v2_20260904/result/images/val/plastic_be98218bf22d9b84c44f.jpg"
"plastic","plastic_bfe403d0dbbcaeffd6c8.jpg","674494f58659dda840cc44dd3f318810b5710091d14d944e4c5a4701758bfe5c","005f78158741f33509ae907efad11fef7b7190ef02dacff5d551f6d039136cbc","/share/Container/aihub_original_legacy_refined_materialized_v2_20260904/result/images/val/plastic_bfe403d0dbbcaeffd6c8.jpg"
"plastic","plastic_d8e6809cfb041eb3c01c.jpg","aae39970187e0d59050da4c56f1c7a41d396b694dc9d501411579bddad221bcd","007df18085cdd33940bdde7871a51c28f7e896383b8fe2cb747ad6647b405bae","/share/Container/aihub_original_legacy_refined_materialized_v2_20260904/result/images/val/plastic_d8e6809cfb041eb3c01c.jpg"
"plastic","plastic_4e00d77cac856cfcae45.jpg","de9c26ef404f6867c76223a03f3587f6685b8f2c27e7d19cb0bf8b51ac0fbb23","007e7f04435f233943406725f1fa7a19a6b7bf3b702dc58164fbb7ae2d039dd4","/share/Container/aihub_original_legacy_refined_materialized_v2_20260904/result/images/val/plastic_4e00d77cac856cfcae45.jpg"
"plastic","plastic_6beedf4cdd99adf97b7f.jpg","4647825441c7e4f776b6ddcc14e4828063c615cb5bf40ad99f9f544c5fb4e069","0090a558d55e97d97186f7aba5b1aa82082591fa709f5f23f687e590f10d797c","/share/Container/aihub_original_legacy_refined_materialized_v2_20260904/result/images/val/plastic_6beedf4cdd99adf97b7f.jpg"
"plastic","plastic_5579d2eece2564f2e672.jpg","3440887b561bb397e6c7cb1b6a3e672b8843c24fbdf5d9972f839c99396fbc1d","0091f39291f26101a2d2dc1ec4f44f505f2710da3f1e44baf602e9dc0cd66e26","/share/Container/aihub_original_legacy_refined_materialized_v2_20260904/result/images/val/plastic_5579d2eece2564f2e672.jpg"
"plastic","plastic_8fb96316df6cf32b8649.jpg","376f90ab9000cc8330beffbe885e68b19501dd14197198a4cb7af4520e2f44cf","00a0d5b7c78b682a68332252b2c75bf6655f6e9ff785230521054f9b911b0484","/share/Container/aihub_original_legacy_refined_materialized_v2_20260904/result/images/val/plastic_8fb96316df6cf32b8649.jpg"
"plastic","plastic_254eebf997c93cc8eca3.jpg","2c7f1f64f70fbf320fa10e7cb273e38bc14b9b580942fba316c3f297830b951e","00a23a3e6e8b875eaef15f2c7ef27a959efbcae33ba9de3f409ff3058e1232ab","/share/Container/aihub_original_legacy_refined_materialized_v2_20260904/result/images/val/plastic_254eebf997c93cc8eca3.jpg"
"plastic","plastic_21ff15a91e1291f8e8f2.jpg","7f629bdf486681ef6168da3c1971308538eea1d1fdb47c925f42d0eac0050965","00be267a9d9e1016b027bd555923f96baf9298e34e3d3ed0d0cbe2d327b4c39f","/share/Container/aihub_original_legacy_refined_materialized_v2_20260904/result/images/val/plastic_21ff15a91e1291f8e8f2.jpg"
"plastic","plastic_f7999f2118a13025521e.jpg","9d8048d7a86973d63e6b5c12ae5e034179b4f48f37b67336c3e22d5a2a36c457","00c29132c9a083e746bcab2a91678ce4e0d4f9d467faddbecddeb06dd30e0bf9","/share/Container/aihub_original_legacy_refined_materialized_v2_20260904/result/images/val/plastic_f7999f2118a13025521e.jpg"
"plastic","plastic_19442f6edda2523c1162.jpg","b98745d89ec9ef843b4314cbe96246eb29459b8ded242307d772be108900a4cb","00c54d4123e94e57ae11177d53fa8b31172774db5f3933bc10c92b8a1c712f8b","/share/Container/aihub_original_legacy_refined_materialized_v2_20260904/result/images/val/plastic_19442f6edda2523c1162.jpg"
"plastic","plastic_f310688720ffd9fb98a2.jpg","039eaa2eeee20d15d8b15dd197aab668b245c6cbdc635efb4cb47d28e1767751","00cd87a5ba23de04863a924e2573a4c501fddfaa941c8e062d63c03dc6230fd1","/share/Container/aihub_original_legacy_refined_materialized_v2_20260904/result/images/val/plastic_f310688720ffd9fb98a2.jpg"
"plastic","plastic_d0c6234b94682774982b.jpg","a638169280395e8ed7aee8cc754d008f169d50be087628844b1bc53a8c827d5e","00ea7060d99aca851518c23975b0e662d2747373320832a21fe44bc3c6f8a150","/share/Container/aihub_original_legacy_refined_materialized_v2_20260904/result/images/val/plastic_d0c6234b94682774982b.jpg"
"plastic","plastic_a8c799f5788584cd6897.jpg","4f4862b704a44fccf2f83515cdd1304c3e558a10802088dea3581c9b677bb48e","00f0764e0a432b1b984926b2d9d019c5978ae3e4c440a25c08560853d89b066a","/share/Container/aihub_original_legacy_refined_materialized_v2_20260904/result/images/val/plastic_a8c799f5788584cd6897.jpg"
"plastic","plastic_b766feb59069f674fad7.jpg","78f6dd7f2b6a5f84c3e5beeec6ff077185c07d7111c5efbc2cac7a8da062e1aa","0118f230a4e3d8f442bce34de3d08424cb56564fd6490c9c4dfb46aa208294a7","/share/Container/aihub_original_legacy_refined_materialized_v2_20260904/result/images/val/plastic_b766feb59069f674fad7.jpg"
"plastic","plastic_fafcca9026633e422ddd.jpg","1d90b92d6fee55f3438935814520019ada2cc64421418008836193525d60e41f","0122cd35b8265ea375b1aea6c878d02145c56b17e013976bb9b12a7adde01b44","/share/Container/aihub_original_legacy_refined_materialized_v2_20260904/result/images/val/plastic_fafcca9026633e422ddd.jpg"
"plastic","plastic_6837ce6ad4f17349a046.jpg","b664caeb5ac3d6683c8d5a528ca142ee0942b77e0631d886f0521a7de9a49e70","013f377cd221523a763ccc43c8c439c2be263ac4e952b8c5d16bc678fc08eeac","/share/Container/aihub_original_legacy_refined_materialized_v2_20260904/result/images/val/plastic_6837ce6ad4f17349a046.jpg"
"plastic","plastic_634fcd7c253a3175d248.jpg","853ecf9a2c54529a75ead00a7620acafbedbe6109a823f2f38d10973228236ef","014337298fc8c3d3956e50ff3d6a0ff022ece683633d7297349a175f7fcb04b1","/share/Container/aihub_original_legacy_refined_materialized_v2_20260904/result/images/val/plastic_634fcd7c253a3175d248.jpg"
"plastic","plastic_b1e506020aa8698a276c.jpg","c9ec766aba6fd54e8fead1b05cdad9942218e33e408ff8407e7bdd1dfbbd13d1","01443841774ca30c085d8f495888b7d36fbf7760a2cada3a155747540c429f20","/share/Container/aihub_original_legacy_refined_materialized_v2_20260904/result/images/val/plastic_b1e506020aa8698a276c.jpg"
"plastic","plastic_412b36bb55d507683a59.jpg","d27815a9ba3a342cd0bcf017996ebeba17b164af9294db8d0ce0e663c6f46b84","0145b0eb6aec1347b36b151a9ebca7193287f4b30382a60bd7f7cb0eca48ba02","/share/Container/aihub_original_legacy_refined_materialized_v2_20260904/result/images/val/plastic_412b36bb55d507683a59.jpg"
"styrofoam","styrofoam_9acea2db53058859a15d.jpg","174ced4ff4c4a92437b5d655d2e2a8a0bee103ed7c8c46c18ee0418577dcbf9e","003ccce52ccf77952e127422a7c01dc422111a77fcf1108d47013eadf54ef0fc","/share/Container/aihub_original_legacy_refined_materialized_v2_20260904/result/images/val/styrofoam_9acea2db53058859a15d.jpg"
"styrofoam","styrofoam_a77170f146feb5456cd5.jpg","627ac6355137f0ef0c7aad9e2255c2f52da451d27b20653aa44dd4c571fbdedf","0047245e58df60587d7312d0e9ccbb7c3fbbd0a93dd38170463b5471c784b10d","/share/Container/aihub_original_legacy_refined_materialized_v2_20260904/result/images/val/styrofoam_a77170f146feb5456cd5.jpg"
"styrofoam","styrofoam_e2f048ff374c3bb3c358.jpg","b27f027a2e3cd9133b1d8c702e8ee81ed6977ef84d8d54068f3ff3a6939b994e","006b801b72999d662239a91060d40347998ecbc11d6d240a47a935283cf8a9f1","/share/Container/aihub_original_legacy_refined_materialized_v2_20260904/result/images/val/styrofoam_e2f048ff374c3bb3c358.jpg"
"styrofoam","styrofoam_b77fde359af2c764829f.jpg","170c199cffda21b1671d8f94cb7c4584c45469dd28840391ac46c1b3b1d84634","00aae45affb0762aebff08e95d7c23961cdf7a3869577f694d1768638e98bdee","/share/Container/aihub_original_legacy_refined_materialized_v2_20260904/result/images/val/styrofoam_b77fde359af2c764829f.jpg"
"styrofoam","styrofoam_bf6275583e6ef8bc2e6c.jpg","e4352d9eebae7260050bd13511ee258c57aa4d006eb45290827c14359c32a03c","011023ec05f3e0ea23447295145b2aeac3aaf3ba9e1cc9d33e6ad8bc52a3ce7f","/share/Container/aihub_original_legacy_refined_materialized_v2_20260904/result/images/val/styrofoam_bf6275583e6ef8bc2e6c.jpg"
"styrofoam","styrofoam_3568c2064b24690aeed0.jpg","a1d432b40cccb156ab6dc350161e927e04e37919d50d644eea542a0be1cb9424","0120390c18f0a52e99b3c069cf0960a609ba67afd08bc2c4367988b923911952","/share/Container/aihub_original_legacy_refined_materialized_v2_20260904/result/images/val/styrofoam_3568c2064b24690aeed0.jpg"
"styrofoam","styrofoam_9c6c93fde7bab951655d.jpg","2d813aca12ab85002941fa513facff99e0611b9eb06ba48eca6cd767a2c00fba","0151e0cd13371ade0337b4b182baec52ca656d48eeba1f7a4c6268e5745e11cd","/share/Container/aihub_original_legacy_refined_materialized_v2_20260904/result/images/val/styrofoam_9c6c93fde7bab951655d.jpg"
"styrofoam","styrofoam_a970e1f132b4f2c4b044.jpg","99c1b7be0ea56bcfcf9e36fdd61a534099b17e7bec17aab2f80d9096f34bd7f6","016345af0a973076985f15299d467f64afb96343553938f444b5642f7fb9e870","/share/Container/aihub_original_legacy_refined_materialized_v2_20260904/result/images/val/styrofoam_a970e1f132b4f2c4b044.jpg"
"styrofoam","styrofoam_e2c6d069cc3c6e75c29f.jpg","ab0fa1de8458fd72fd5df99bec46a4c6d9f7e58b0d6a6c7b2399c8995c741d8a","019e387e85b0bfedfabac7dfdb851635212468d646a716028dcb0579c3688738","/share/Container/aihub_original_legacy_refined_materialized_v2_20260904/result/images/val/styrofoam_e2c6d069cc3c6e75c29f.jpg"
"styrofoam","styrofoam_a3b405bd97954d7330e7.jpg","999d48148b54aef45edc52779984e85ad1bd96edaa02014a462e8ad29d3c1141","01b12ef18596e333d851f4806978f7d1078b01d2f61861572b37f07769fc5aa3","/share/Container/aihub_original_legacy_refined_materialized_v2_20260904/result/images/val/styrofoam_a3b405bd97954d7330e7.jpg"
"styrofoam","styrofoam_d6eef1b195ad63fa8e5a.jpg","139513aa896437f3358db7e3fe49c045c5dc0d2d463108b722bb2757f1b2a2c3","01c802d7a913e519d605e6cea12bb9bad831ddfbf180824a2b5633966de3681e","/share/Container/aihub_original_legacy_refined_materialized_v2_20260904/result/images/val/styrofoam_d6eef1b195ad63fa8e5a.jpg"
"styrofoam","styrofoam_ab55167da42e128cfbbe.jpg","ed18ddbcc21428327d6059e2d6b1114bdf7d710b648a4a4582df53afb53ffa0f","02263bbd6bc2fbbcc52b963c642c93eeb835b0518983ee3c308bca7c30b447bf","/share/Container/aihub_original_legacy_refined_materialized_v2_20260904/result/images/val/styrofoam_ab55167da42e128cfbbe.jpg"
"styrofoam","styrofoam_b82e61edd040d7689e63.jpg","4776e3fd4680c66bef2d7118360373b0d839976a335479341fb17d61d67a0302","02288812f53860189b8483a3d0541288b094ff5f8ed8ea02af79529bfc694514","/share/Container/aihub_original_legacy_refined_materialized_v2_20260904/result/images/val/styrofoam_b82e61edd040d7689e63.jpg"
"styrofoam","styrofoam_ac4ae710425b8697729c.jpg","1cbc989e4e14da9a71704f7f3bbadd5cf3b6390cefd45c7d5a9cef99205a2859","0232847c90e45ca927bddb76a38b753a147e30fcd860ecbe530ca0c10c4cef8d","/share/Container/aihub_original_legacy_refined_materialized_v2_20260904/result/images/val/styrofoam_ac4ae710425b8697729c.jpg"
"styrofoam","styrofoam_a56e188635b6b869e203.jpg","5078af7c9f5a51920a4c425965c70b23352988778b46e84ea19c293ee0f3adfd","02600a34670e9d9b2c2dc5c1fc4b4a0416ced21815cc86c8476e41826ea29932","/share/Container/aihub_original_legacy_refined_materialized_v2_20260904/result/images/val/styrofoam_a56e188635b6b869e203.jpg"
"styrofoam","styrofoam_a1232d3742d2c053a8ce.jpg","780c86409e8e7e6bc1bc25180883fe483f78655879ce371f955a10217fd3365d","02845397f08aeab0181b7526610d6e9d5b314c58f24118be61ef1084374dc260","/share/Container/aihub_original_legacy_refined_materialized_v2_20260904/result/images/val/styrofoam_a1232d3742d2c053a8ce.jpg"
"styrofoam","styrofoam_f7f2dd774c1ef0d33f41.jpg","c3760336804e2e09f955093eed33186ef26fd2da1eee03ace7abaa251fc27d2c","0290e47acc3db2a7bb2f536711e8811e04b7ba9bcf48eb14ef1dea14d1543731","/share/Container/aihub_original_legacy_refined_materialized_v2_20260904/result/images/val/styrofoam_f7f2dd774c1ef0d33f41.jpg"
"styrofoam","styrofoam_8dcefa6b20f245768a0e.jpg","8e050e75e59a977028155eccf38658e414f9c8ac0d41dfaaa1d8bd53e41e5c39","029fbd959f683e14acf1b3b0202f910beeb47e648a80c6ff628a5a655430d436","/share/Container/aihub_original_legacy_refined_materialized_v2_20260904/result/images/val/styrofoam_8dcefa6b20f245768a0e.jpg"
"styrofoam","styrofoam_cbd873ce543818110813.jpg","eeab4ac1270b996f39e11047f77f1693c2446fa07c60a5355bc2e4eeb1f75163","02c4fe01674a6df0e9a00c344a369b3efa58801d812ff72361834d2b8b0e98f4","/share/Container/aihub_original_legacy_refined_materialized_v2_20260904/result/images/val/styrofoam_cbd873ce543818110813.jpg"
"styrofoam","styrofoam_7f76eb5f40feb06fbd43.jpg","59049fac4534401a1e644ca58826fd5ab6e998d2e354e71b68d2813a4964c020","035d12a03f9e80ebb5027a65804b5581fa20581e480b9b9f4b43c157f6b66fe5","/share/Container/aihub_original_legacy_refined_materialized_v2_20260904/result/images/val/styrofoam_7f76eb5f40feb06fbd43.jpg"
"styrofoam","styrofoam_8c409cc662057e2cd72c.jpg","5048715109840636f91a04691d461500c1615ec736c428c52b66c88c9dc8214f","0396f3501c2d12dc195b0728c1c2622ab10629214214f703eed95ad410c6f1c2","/share/Container/aihub_original_legacy_refined_materialized_v2_20260904/result/images/val/styrofoam_8c409cc662057e2cd72c.jpg"
"styrofoam","styrofoam_74953b7015aa2fc484f0.jpg","641ad7e1ed7ef36555218d00b24becc78d225e9c103d7c1d4399a51fa871546c","03b80b4dfaa4e18296ae5f295240b872c9b06ee04352d640341d9e0bb9e592b4","/share/Container/aihub_original_legacy_refined_materialized_v2_20260904/result/images/val/styrofoam_74953b7015aa2fc484f0.jpg"
"styrofoam","styrofoam_df749ef48b118658bb23.jpg","12ffd526c705717e650044e47f1f1d6f73717f5f9f036314eac8f29ce0a0fdae","03b879266383729163ead20215be6116bdada3bc6c1dc9f0f98d58876219e3b9","/share/Container/aihub_original_legacy_refined_materialized_v2_20260904/result/images/val/styrofoam_df749ef48b118658bb23.jpg"
"styrofoam","styrofoam_0a7de337aa42b47f9eea.jpg","c95c057965550163f503ade946181c6279f2b7dac719215df3b145eff1261aa9","03d8a19633ce840917f1f7d93cfb1b407e88fdb426d053bdcfcf04a290fae2e6","/share/Container/aihub_original_legacy_refined_materialized_v2_20260904/result/images/val/styrofoam_0a7de337aa42b47f9eea.jpg"
"styrofoam","styrofoam_ea0e0152ec4f0096fb3e.jpg","fab7db3b90b3a1cb3361a9c8cf14bfaab1ad6cf7bc7db423617da7c6135eb266","044ba3e8d9ed7c96d1d8df10256788a10f32dbf5271fd4a5263275b9381bd146","/share/Container/aihub_original_legacy_refined_materialized_v2_20260904/result/images/val/styrofoam_ea0e0152ec4f0096fb3e.jpg"
"styrofoam","styrofoam_eefea11921fa38e59cfa.jpg","79c064a0ec3678e51b5ae9edbf39713c58c217ca0bf36e5d1377690c24725636","048f9ef1fe01cf3d3ce94ece2769254e15742b0903fa23d8235df35135c9c4be","/share/Container/aihub_original_legacy_refined_materialized_v2_20260904/result/images/val/styrofoam_eefea11921fa38e59cfa.jpg"
"styrofoam","styrofoam_4ea66926a7d81ce8200b.jpg","c501c564dac38f32fd53cb09972f73cc55b95bef7d0b760fe61ab6da29e9a6e1","04bb303e2fcb4db1d4da1a1249a0737157eaec94078382920836a8330e97486d","/share/Container/aihub_original_legacy_refined_materialized_v2_20260904/result/images/val/styrofoam_4ea66926a7d81ce8200b.jpg"
"styrofoam","styrofoam_177eb441ef87b2366e16.jpg","f3e29d254f6f9166992358dd84467293e9e2ba6f259290b3db1d71030535cda3","054ef7f2e3a1d78a71ee26ac44561143f8b851f17a84fc64b319d86b8350de28","/share/Container/aihub_original_legacy_refined_materialized_v2_20260904/result/images/val/styrofoam_177eb441ef87b2366e16.jpg"
"styrofoam","styrofoam_60a4649dd0115d26803a.jpg","7bf7ae93f6bcd82744e30b77e8e788cf6335364f462abd2cdaafb75ffb860045","0577a7a7ea55b898c87bb0e98b23899cfb616840160914b2c96ab3889167cb64","/share/Container/aihub_original_legacy_refined_materialized_v2_20260904/result/images/val/styrofoam_60a4649dd0115d26803a.jpg"
"styrofoam","styrofoam_37e0212740133d97b027.jpg","5863c5a96d4dd261f1f61d0c7e2b582d580ad35640a9d91352c4350ffeedf729","057990a09f92f4068172b0755331815a930af576b967f5a96febfc79b40cf4e6","/share/Container/aihub_original_legacy_refined_materialized_v2_20260904/result/images/val/styrofoam_37e0212740133d97b027.jpg"
"vinyl","vinyl_6c2cc9e290912520c265.jpg","9023a8b2a19ddb108416e6159acf761d73788234b33c3674cd8303decbef8ac2","002979e1a2e2577e840667c0a9ebfd862f3ae4063e638181e174c1cb324d8e6a","/share/Container/aihub_original_legacy_refined_materialized_v2_20260904/result/images/val/vinyl_6c2cc9e290912520c265.jpg"
"vinyl","vinyl_f8cf3e673c653211baf1.jpg","cf002341d49f9535b7acab4bb0af774180ca7ac630dc84c819f9c425c3c95893","00356c16b9fb951f8f79dd45634e8ce3325cbdfd73fbff1ff624eafd0f478059","/share/Container/aihub_original_legacy_refined_materialized_v2_20260904/result/images/val/vinyl_f8cf3e673c653211baf1.jpg"
"vinyl","vinyl_cb95758427b20211259c.jpg","4e711151ce1ce88882df8961558cf20f5c65a7905e2f6826393d5edc1b4bc3f7","009e0726cc0a58af457454f8f7f0fe4722eb265c91ffc6a06be2fd2104a1cf2f","/share/Container/aihub_original_legacy_refined_materialized_v2_20260904/result/images/val/vinyl_cb95758427b20211259c.jpg"
"vinyl","vinyl_17e937093e05c07a9495.jpg","d17a3cddc455f52d6a12b65be0017f0ddca4293132f4f62d38be84a114ee1c53","00a6436249f664c8727818f0202068db9ef7a8b88fe36dd1dd30555e5a1197bd","/share/Container/aihub_original_legacy_refined_materialized_v2_20260904/result/images/val/vinyl_17e937093e05c07a9495.jpg"
"vinyl","vinyl_03b6f4e0d61d037d47f1.jpg","20887a33175af8e3c145cc12775fa1b32cc6eaa591028bc8f0af36c0d6b0b8cc","00c30c8cdf9130893c574b966896c69989b5ca6034306e406bdd1292b4ed5e9e","/share/Container/aihub_original_legacy_refined_materialized_v2_20260904/result/images/val/vinyl_03b6f4e0d61d037d47f1.jpg"
"vinyl","vinyl_968dd02cb6d76529de11.jpg","4986a1527e2e476b851434cdd442cf88ba5987b2088588ffdf41a481567628c9","010099c56bce066499613219ac715fe99b40d93b25981e514a4ecf4b84918bcb","/share/Container/aihub_original_legacy_refined_materialized_v2_20260904/result/images/val/vinyl_968dd02cb6d76529de11.jpg"
"vinyl","vinyl_585a4cc93ad02b70b26b.jpg","45b24d56457dc644f8dcdf57700cde46395c7f001f8ae2aeca105f7864106787","011d5228f919509448b1de979ab90df1abe434f542b4d79b53de511e703f76c1","/share/Container/aihub_original_legacy_refined_materialized_v2_20260904/result/images/val/vinyl_585a4cc93ad02b70b26b.jpg"
"vinyl","vinyl_cc9947fd394572ba00dd.jpg","c04a6528d487d68cfbb2c9681165f7c0040e61c52695211f5ed50fdd49322da5","0131cc83e601150237778a3c4e51a8e5250d866bb8a339e8901c178a4fb34464","/share/Container/aihub_original_legacy_refined_materialized_v2_20260904/result/images/val/vinyl_cc9947fd394572ba00dd.jpg"
"vinyl","vinyl_2154090af59b7b7d44e0.jpg","0ce5fcf94317cd399d1b1eb8a8ad0ae8e956944c78885de340e5a942fa6e6251","014f1fb2f4825adf4d359e16f7502f4abd64d7533aba9e3417f62a5424fe9a99","/share/Container/aihub_original_legacy_refined_materialized_v2_20260904/result/images/val/vinyl_2154090af59b7b7d44e0.jpg"
"vinyl","vinyl_6806b318657aedc139e0.jpg","63ae96da71d67d1c32df74d570ca13ad86591d369205e53ca30499fa899dc7b0","0168633e8807fc8ce74e7c2f5ba171eedac196fce0277d220e566ee396306461","/share/Container/aihub_original_legacy_refined_materialized_v2_20260904/result/images/val/vinyl_6806b318657aedc139e0.jpg"
"vinyl","vinyl_8ebbc60fb0dc4c66628e.jpg","da24c6f4df30eb785579f04913582be480cc46feae134c467f4fe6487a46d70a","0182c7ae1ae7068b4fb4ee5af6ab1cacb99aee833d3a2b09dc419b398ba7c15e","/share/Container/aihub_original_legacy_refined_materialized_v2_20260904/result/images/val/vinyl_8ebbc60fb0dc4c66628e.jpg"
"vinyl","vinyl_014a4df065fc3659ad24.jpg","57de3568f675947d75611a55f3a22dc61047e69013435871a90b7ed49e7b5d04","0195a5599a427a9925f67224db15b59bcb592f5d9819cf9d3e3414885539bb35","/share/Container/aihub_original_legacy_refined_materialized_v2_20260904/result/images/val/vinyl_014a4df065fc3659ad24.jpg"
"vinyl","vinyl_e7b1e9d5940c688ecbf3.jpg","50433c8d2a572cb5f7a77950a57463edaa1da53ca09a7d21694becea665e1d0f","01b30ef3756129997f76de0ffd6a93d3d21be0f1f06cf75a52e14af6d482fa2d","/share/Container/aihub_original_legacy_refined_materialized_v2_20260904/result/images/val/vinyl_e7b1e9d5940c688ecbf3.jpg"
"vinyl","vinyl_59f3d4865b1b68d30c85.jpg","f0a0dbd3e27203cb5287292ad69dbc0980bacf8060481886cb8e7d42d0fe6729","01cb7d360bfa768efb6ffef40b3d8f36e68c634ba76f0abacc8776fc6d5bf957","/share/Container/aihub_original_legacy_refined_materialized_v2_20260904/result/images/val/vinyl_59f3d4865b1b68d30c85.jpg"
"vinyl","vinyl_8adfee21325a885f9578.jpg","9ab9d4e008e2863bb1be8de32bbd65c4853f0419070bc1387aacab59010087b7","01d12869b7dbb67bbc99d1b882dadf0bbebc4bffc16eae7a631f94c4aeb47c0c","/share/Container/aihub_original_legacy_refined_materialized_v2_20260904/result/images/val/vinyl_8adfee21325a885f9578.jpg"
"vinyl","vinyl_7b97b362863315836719.jpg","318544a87e839c57960eb9a0ebbd77988db1f54765964520cefbd0f764c4b855","0224011ffaf2ad57ab92d4e7f5c8bf68bdf0622af35618cef708c1f74c7ed31b","/share/Container/aihub_original_legacy_refined_materialized_v2_20260904/result/images/val/vinyl_7b97b362863315836719.jpg"
"vinyl","vinyl_cfceeb627993a3ab3fe7.jpg","668b88af702370db9455e6f915e0a003bfdcd3a654f37a4d79bef2c3ff280590","0226d1cd2d4f610361c4db9f7230e5f6d84b29db9113b606de9f10e19cf236e0","/share/Container/aihub_original_legacy_refined_materialized_v2_20260904/result/images/val/vinyl_cfceeb627993a3ab3fe7.jpg"
"vinyl","vinyl_aa616424fec804e60939.jpg","aa2770299a022392d8767bfafff6f65a6b84076620d6a16cf280a22df1d8bd33","024d8dc1fe0f1c56d1a8c79fef36fb4b19ae4e7e38e20333fd65ad6ec8ef93ef","/share/Container/aihub_original_legacy_refined_materialized_v2_20260904/result/images/val/vinyl_aa616424fec804e60939.jpg"
"vinyl","vinyl_8f348c05ebb7d70008c5.jpg","a772d29daad62f3d40e0b59de23cee94b21a94996b2ab6d3cecd752e68c816df","025f1064beb86837d57d172b59aefe45125fd864ce8b8123b6de74efa6b4cbfa","/share/Container/aihub_original_legacy_refined_materialized_v2_20260904/result/images/val/vinyl_8f348c05ebb7d70008c5.jpg"
"vinyl","vinyl_5d5989086814df9f5dda.jpg","0814ce9082e5b96e6052ceb2e620e354dc1e3f9e83d97f3dc3ec947088cb8c3c","029a84a9e29073558c73c8d26c736b94c2978b689772e8afac8c7f5203f9dc60","/share/Container/aihub_original_legacy_refined_materialized_v2_20260904/result/images/val/vinyl_5d5989086814df9f5dda.jpg"
"vinyl","vinyl_8d262a9cb20737e057a7.jpg","35bb9c19fefdeca514237100c8000fed24dd50a56db6ebac0402839b9ebfc031","02c62ed730c3cac9ffdbb09126344a886a39e855271111c96834a83fe24123cd","/share/Container/aihub_original_legacy_refined_materialized_v2_20260904/result/images/val/vinyl_8d262a9cb20737e057a7.jpg"
"vinyl","vinyl_9dcef3263b89ca6f9a8d.jpg","85a15cbd8698467ae5c8d671bdce37cf0ead711bced504f2e3b5335570f9d142","02e98010d075214d6469263dde59115d40f9496a03fa4e7d34dfa575719ab87e","/share/Container/aihub_original_legacy_refined_materialized_v2_20260904/result/images/val/vinyl_9dcef3263b89ca6f9a8d.jpg"
"vinyl","vinyl_f2c0ded34a70db1e111e.jpg","71c899345fe96141b882ed97f4ef3b8146835691f2bf516f1fa4067a7387eaa0","03109e3b876a3090e49097d87637d76195e2d03d34215a98d04eb12f98ad002a","/share/Container/aihub_original_legacy_refined_materialized_v2_20260904/result/images/val/vinyl_f2c0ded34a70db1e111e.jpg"
"vinyl","vinyl_f31f3f3fcb74f60b4239.jpg","9f2133027a9e37f6237850895f8b2ba4227d790c6eb39529d04c996b60d6e7a7","034f03ab74279c475ddbad97a5f2df0e499a97e4251a7bc275293313da31293b","/share/Container/aihub_original_legacy_refined_materialized_v2_20260904/result/images/val/vinyl_f31f3f3fcb74f60b4239.jpg"
"vinyl","vinyl_dce0015ef9930bb16aed.jpg","a2240c7461c5f538eaca74b52abab3f52ff94c0c2d90de8d293106c44deef272","035a1cb39bb7c314c283f991cb528a2449c9bf2361c02d6bb0546e513d505fa8","/share/Container/aihub_original_legacy_refined_materialized_v2_20260904/result/images/val/vinyl_dce0015ef9930bb16aed.jpg"
"vinyl","vinyl_7e2bb122d5cfffa530ee.jpg","e6e1823753c13957d553a2d47e2fda00b7143f7915e592b786ce3c57b4877527","0369248ba799860f7a91706b7196b2d7001c2bb7decbafa5631335dc699d993b","/share/Container/aihub_original_legacy_refined_materialized_v2_20260904/result/images/val/vinyl_7e2bb122d5cfffa530ee.jpg"
"vinyl","vinyl_0e90b2989ee413a7cdc7.jpg","736d3dd45ed0d547482394ec56b9a94e4bb202a4c919adb3517d31a8b07a935b","0399c95d3b9d600e5bc3120765475f0012d75b0c6bc8f7a61d09d9c6bcd50098","/share/Container/aihub_original_legacy_refined_materialized_v2_20260904/result/images/val/vinyl_0e90b2989ee413a7cdc7.jpg"
"vinyl","vinyl_e11be226b4a436fede43.jpg","f66a7281be96de2fb392245e7dd13f24b2a2199c1e550cfbb22679277450f692","03ac0e8508644ca8657312b54c461a0fcba0250f93de047a3b9a598fb4e84e25","/share/Container/aihub_original_legacy_refined_materialized_v2_20260904/result/images/val/vinyl_e11be226b4a436fede43.jpg"
"vinyl","vinyl_fb3c6db289a53734ba30.jpg","d753bb23372950e8e89393a601d050c440537b2eae465c674571ccf78ec4c909","03b69d5322a3862f17dcdd1fbc6cc9741d29b27999c6ff087e4fcd4bd66af5e1","/share/Container/aihub_original_legacy_refined_materialized_v2_20260904/result/images/val/vinyl_fb3c6db289a53734ba30.jpg"
"vinyl","vinyl_9c79bc974c3081618b4f.jpg","6385b0f7a5f9a920d85f5e00bf9de909ef159f87004fa55feb0a6cea25c8386f","03b8e331ceca91ff6dd3db107f449e3a05c9b7d26a117efc2be08bd36aebceaf","/share/Container/aihub_original_legacy_refined_materialized_v2_20260904/result/images/val/vinyl_9c79bc974c3081618b4f.jpg"
"glass","glass_6b63abd561b1237e9237.jpg","872ee3c80fed770532771b4af2f2a11b424a1e36b467e64e3ee28c32272066b2","00121fc05ba5e40a8d788236e58faa62e3706189feb6683bda95987c8a97f10c","/share/Container/aihub_original_legacy_refined_materialized_v2_20260904/result/images/val/glass_6b63abd561b1237e9237.jpg"
"glass","glass_85bef8cb87a6efe09c5e.jpg","76be18243cda6619a8d44a4b716f7ee25726ee239b40a9ff2dc52f632fe29b53","001bdc4d25e2d016d7e2a2d57f3aac58bd51387628c0adb78c941940ad2acacc","/share/Container/aihub_original_legacy_refined_materialized_v2_20260904/result/images/val/glass_85bef8cb87a6efe09c5e.jpg"
"glass","glass_55a27017876986eb53c0.jpg","77f1bc2e8807d4ec99d43248ad5b53979aa6c4bf9b628c2297d25efcea303a6a","0025049a6b985a592d1942928c6b48fed66c85006e96c1519af8b5d247b3acb9","/share/Container/aihub_original_legacy_refined_materialized_v2_20260904/result/images/val/glass_55a27017876986eb53c0.jpg"
"glass","glass_11cd74bb954b564f2db5.jpg","7a6bd53a8d7dc1dbd5b598c49c614264f362352457e9f76e1df2cb3901b063e4","0031670d9882e142148bbe9f6b2adb9070b913ee08bc266f8a6c274aaf34b8d7","/share/Container/aihub_original_legacy_refined_materialized_v2_20260904/result/images/val/glass_11cd74bb954b564f2db5.jpg"
"glass","glass_8dcff134fc0b7b80d4b9.jpg","5ba8e65243acd26385cbde11cf1560306f4f3c5bb16bd131ea50e0fddaf00675","003a05af6fddfbd2e7a03ca27f3f3300b6da06dfe4074de9dafc24332b35ba17","/share/Container/aihub_original_legacy_refined_materialized_v2_20260904/result/images/val/glass_8dcff134fc0b7b80d4b9.jpg"
"glass","glass_111910b0a8c70ae20984.jpg","5b0b5f24fb89c988620886c74589da1b84d78b1ed1bbcb03160360949df7de42","003aa9d447c8056ba6b7c4522c6344127a049f86bbd0aa93cee3e08389b892f7","/share/Container/aihub_original_legacy_refined_materialized_v2_20260904/result/images/val/glass_111910b0a8c70ae20984.jpg"
"glass","glass_485c873ebe9aa8e2de76.jpg","7a652cff04789d4225a90f4c161ac3a38e4f569a91891bccece951a1de4b7c0a","003d8c5e5cdb1764bd19def3de6f548cb1ed82cebadc53e8d1d510c298716374","/share/Container/aihub_original_legacy_refined_materialized_v2_20260904/result/images/val/glass_485c873ebe9aa8e2de76.jpg"
"glass","glass_27c9b3459206374e433f.jpg","db8a973db3f7be688d2aa7fc37f922665154bdbcfc445181330472896752cf47","003da133e8a61992c8673653c711bb110ceedff9ba2a79094ad3c9f38d0eb3e5","/share/Container/aihub_original_legacy_refined_materialized_v2_20260904/result/images/val/glass_27c9b3459206374e433f.jpg"
"glass","glass_669a6c886c69b8489ce9.jpg","f2a23b5943cf010280c15790db36d93e4404f7f498bb4e43c96f663b156d6df8","004d9c2b5323ecb017e31dc471813822df61f361cb8a68ad9003922f8a0725f9","/share/Container/aihub_original_legacy_refined_materialized_v2_20260904/result/images/val/glass_669a6c886c69b8489ce9.jpg"
"glass","glass_44f9860407016a7cc9f2.jpg","47fd6e01244f8a133ec7789e124e0ca61e8d1af4a9243a224aa61da8add16787","00571b70e681a917331586defa0d5645fa4b9b14ea46041a0bfd20a4f41ad8f7","/share/Container/aihub_original_legacy_refined_materialized_v2_20260904/result/images/val/glass_44f9860407016a7cc9f2.jpg"
"glass","glass_0d74f37bef61628e0051.jpg","c4e4d9a4bdeb385a55a7a2a6969f5e6c3478681d4a1697eef323004c92db89ed","006288a25befc547f849a0d3b5fc1182994b4f82e6cf12ef7c4085d6c99da5a8","/share/Container/aihub_original_legacy_refined_materialized_v2_20260904/result/images/val/glass_0d74f37bef61628e0051.jpg"
"glass","glass_bafe5a50e2db464b128a.jpg","fe5f4a2d07935e780232927fd9dc5e92cd63cc4daec3713d7fbbb5c1e3233ec9","00688b9a5f7fa66cca6c6b37a6e60bf4f93db1ce0676945db873010c57328125","/share/Container/aihub_original_legacy_refined_materialized_v2_20260904/result/images/val/glass_bafe5a50e2db464b128a.jpg"
"glass","glass_92504e4b29b9f3911d4b.jpg","ac9f05a8bc0bb685590eac140c9b52baf5bef89287ac70d99f1169654fd9b91d","006eea7e1a1660161984d340b9d2a4b37ab512ac550d9595af6043f86393ba11","/share/Container/aihub_original_legacy_refined_materialized_v2_20260904/result/images/val/glass_92504e4b29b9f3911d4b.jpg"
"glass","glass_17ce7392eef42f17ae6e.jpg","52612aef39f5a835883e809044a38e7bf5743cef14d7c62e40cef9e6e966b976","0070e01bc08abe145fc56aa8d372ead1a32658d819bce3219ec60d323df1fb1c","/share/Container/aihub_original_legacy_refined_materialized_v2_20260904/result/images/val/glass_17ce7392eef42f17ae6e.jpg"
"glass","glass_cda9e65335b12e9223c9.jpg","89274759c45b486be96a8058149fa1b4ca801940061986a0f19fedd500354373","008e5d3e1ac43418ad8b45b047a23371a6cf8a646eb137df2bbdf451e1c7fb97","/share/Container/aihub_original_legacy_refined_materialized_v2_20260904/result/images/val/glass_cda9e65335b12e9223c9.jpg"
"glass","glass_3929cbb91ad150544c0c.jpg","779ffdb210ca93e7fdcb24f39ecbfb091731900b6fb592a5ebef46eba89ac7fc","009c0b92298fc3ca624743e781b9e58afad4fde0424eda4d2d4b189c38e9e830","/share/Container/aihub_original_legacy_refined_materialized_v2_20260904/result/images/val/glass_3929cbb91ad150544c0c.jpg"
"glass","glass_bc659c546e4e9f306100.jpg","65635f5b65ac8d5c7c54bdd5a2142bae4ed0c2d49d8686b0220cb40712ec3e69","00a48976f284f45303c7fc9475235c4eb43928d72b7da5baae08358ea09e782c","/share/Container/aihub_original_legacy_refined_materialized_v2_20260904/result/images/val/glass_bc659c546e4e9f306100.jpg"
"glass","glass_b5a184684cb3a1cacbd5.jpg","74df69641779240a38f20e545497cdcaab5409ed7420283ac4a2c88e5e01e537","00b9cb5125f45769341993b383b3926d1426c7c4fe4fa9338e31d088209e9d58","/share/Container/aihub_original_legacy_refined_materialized_v2_20260904/result/images/val/glass_b5a184684cb3a1cacbd5.jpg"
"glass","glass_a7c90b1d7fbaa8711a9f.jpg","a6944c7c18edf61c48f2296b893c5e89bf200be48e24154e684e7a82d15168f8","00c1729c27c417c5b8e595ab2388f53646c07b8e641f5051fd662ed1b69d5656","/share/Container/aihub_original_legacy_refined_materialized_v2_20260904/result/images/val/glass_a7c90b1d7fbaa8711a9f.jpg"
"glass","glass_a7be66f5c42d09a074d3.jpg","1e5717832d9e1deec2845d550de3797d86c542d03ec10611c1f80c720bdc992e","00c3cfa276056ff7a297f450aba758fa70596e00ddaca451f45b879404629c34","/share/Container/aihub_original_legacy_refined_materialized_v2_20260904/result/images/val/glass_a7be66f5c42d09a074d3.jpg"
"glass","glass_750734f51b2b63f668a1.jpg","71a4a5fd2bf49d1d4147694c9f1887ef877a161a9a54e038a474dc7fe73f4e9d","010bd5e41041eb4c17bc6727f7b25a9a362b69585483f33cb836e1018b4a8014","/share/Container/aihub_original_legacy_refined_materialized_v2_20260904/result/images/val/glass_750734f51b2b63f668a1.jpg"
"glass","glass_de93333ef914575e1658.jpg","6e00e0335abfd89375b041db2ed029d549ea8566d3b67cddf95367d0c21795d2","011065a425aa26134458c633d44b8ce91db6ced990e46ac0584d417b932f7500","/share/Container/aihub_original_legacy_refined_materialized_v2_20260904/result/images/val/glass_de93333ef914575e1658.jpg"
"glass","glass_18a75bb07e7ad70dd99e.jpg","6a21719ca2580c5845896b6b9b4d0cc4d97f1a10f21431f38f49200f664bf518","0128352e541f595eeba84ca06148f7aff263933485363696ab4f28a512738842","/share/Container/aihub_original_legacy_refined_materialized_v2_20260904/result/images/val/glass_18a75bb07e7ad70dd99e.jpg"
"glass","glass_750fca22c0d22b4cb6f0.jpg","ec038972535be6363444730acd1ea9b6d298bdb3c3c7ca0390d3c5c08ea5ea23","012b2553163ca0fa749ca87a7bcb4b21cd76c0e15e17f55ba95440b81999b25b","/share/Container/aihub_original_legacy_refined_materialized_v2_20260904/result/images/val/glass_750fca22c0d22b4cb6f0.jpg"
"glass","glass_a1f4df7dd728e20b5835.jpg","8741ba208b9817ae58e5ea0123d81084eab10f8ddb967ac032f2cf9e914868ab","012e071152183f76b9d5c67676ef526abe974d52b4a7dd63f99c26a7a2d915f7","/share/Container/aihub_original_legacy_refined_materialized_v2_20260904/result/images/val/glass_a1f4df7dd728e20b5835.jpg"
"glass","glass_e97075ce0fa4d5f8938c.jpg","9e3fdc41bbd40f1b0fe9fd4317cebe8492d97100f9bda3ba0cca6eeef5cfbf46","0130c903782fd13be9777e4e59507da92eba1296b470381131484f925ae53e86","/share/Container/aihub_original_legacy_refined_materialized_v2_20260904/result/images/val/glass_e97075ce0fa4d5f8938c.jpg"
"glass","glass_ca9209f6b16e4924213c.jpg","375bc5f994312683c419bc6693f251b74aceb1af3e430b585de77eb5d9969765","01472c6a5878e401fbd805dcd138c0022f2f3fb05dd6788e4d61885ebdbaa116","/share/Container/aihub_original_legacy_refined_materialized_v2_20260904/result/images/val/glass_ca9209f6b16e4924213c.jpg"
"glass","glass_475c139106f8b45c7384.jpg","2723f6633c372c702747999aa4ea445fd1de961d06263ebab1bfc07dca686159","01475c4397431ecfd901e0fd1c18f5822158fa8402dae393a109eef3ee3e6b85","/share/Container/aihub_original_legacy_refined_materialized_v2_20260904/result/images/val/glass_475c139106f8b45c7384.jpg"
"glass","glass_a1bfa1c78dab321a92ea.jpg","3d64ef279efb82f2355a1986dcd8d85cf6ce794a3e21b4dfdf0b6a47c98d4e41","0149693fa8a4098a0fe5a575e58efbdc0921b6f629a18f973d67ba957e84bd89","/share/Container/aihub_original_legacy_refined_materialized_v2_20260904/result/images/val/glass_a1bfa1c78dab321a92ea.jpg"
"glass","glass_62ed8f1747bd4c1a29ea.jpg","a3001ae9a7aaab85929990c0fd55e602e96e9be20c65367263712eb9deb28cc2","014b5e686b5923079019e972553f25a24e0ecd9dfd0475c752201bf4beaa8f54","/share/Container/aihub_original_legacy_refined_materialized_v2_20260904/result/images/val/glass_62ed8f1747bd4c1a29ea.jpg"
"battery","battery_7a2bbba6b87f142648ba.jpg","c49880c49aaa8d58e50e85875b646de411cd646e7cf23096bf7df8e1670005ae","01fca1f54da82bbbf829842ffbaa1c43266a4b664cfb2bf6e2c4d4ac44c0e14a","/share/Container/aihub_original_legacy_refined_materialized_v2_20260904/result/images/val/battery_7a2bbba6b87f142648ba.jpg"
"battery","battery_99ea3df73eabea79e977.jpg","33469c057cea54df920ec4af9d38f841d625aafcc48a9bf145a0aaf9ededa302","02d77a9cd8ecc561937b2fecd59d26388af5f4385ede0deba18e6a54233f4fc0","/share/Container/aihub_original_legacy_refined_materialized_v2_20260904/result/images/val/battery_99ea3df73eabea79e977.jpg"
"battery","battery_f2254a1400d50ae5137c.jpg","4ca4644c43fb210adc03f9094bb5a2ef56dbbbe5d351c62a46877d7d4dfe0b61","04ebbd5375ab5404aa7b2203dc45ea2a25c0fd2aaab83169d64ba3a396778109","/share/Container/aihub_original_legacy_refined_materialized_v2_20260904/result/images/val/battery_f2254a1400d50ae5137c.jpg"
"battery","battery_c3d2bf852e6e01718db9.jpg","834fe3fdfe51dc54fbbba5cc81ef0f721a90a3fc210162d2ba7cf9dfeb9f036d","05e9ee963692ab0dadd4c95e0f2ac0060c5579369ce0b9ce9794dc25265cf570","/share/Container/aihub_original_legacy_refined_materialized_v2_20260904/result/images/val/battery_c3d2bf852e6e01718db9.jpg"
"battery","battery_973445f42c33eb3ffa0c.jpg","b1e0a7d913771518332355d28f12e5fa0b86dc532333661b2921af89eee09d39","06d2427221ec13ee39a547da3943733229d3c77adcefed47943378101172b9fc","/share/Container/aihub_original_legacy_refined_materialized_v2_20260904/result/images/val/battery_973445f42c33eb3ffa0c.jpg"
"battery","battery_1ba1def7506dc48d2249.jpg","87c38e0629a19a8227a30dc39e2102a7645d0996386828d10946b70fccd9488f","070f46e76dd48d26385b7bc409ababf1a2d6c8d8df3aa8b11a326fb2fa4cad0e","/share/Container/aihub_original_legacy_refined_materialized_v2_20260904/result/images/val/battery_1ba1def7506dc48d2249.jpg"
"battery","battery_7743c3bbc0e7437640e1.jpg","12dd7d9d3602418e9e27f2be82bc42d74e2ade15d818a81e9da66833d2b261e8","07e304edc329715c561bf21fc5860af173aef72a51b0189b40ed272531d38fd1","/share/Container/aihub_original_legacy_refined_materialized_v2_20260904/result/images/val/battery_7743c3bbc0e7437640e1.jpg"
"battery","battery_72950c1470b7997751a8.jpg","60d79fdd19dd7d3c89958452e73fd28dc339dfeced6dbfaa127d029faec51d2b","0813d92dfb0855bda863bd6643bbe6ee8cc5c499b053ad63ef14b8683b4c5eaf","/share/Container/aihub_original_legacy_refined_materialized_v2_20260904/result/images/val/battery_72950c1470b7997751a8.jpg"
"battery","battery_7618783a1b147ec68139.jpg","9dd600926b9d05e5b113fb49d2add2209fa13e0560d66eb35a5996bcc63860a1","08a527a0762d8426890bc4dd7c908afb61c6ac3f844dc64309566c40e5f0c8a1","/share/Container/aihub_original_legacy_refined_materialized_v2_20260904/result/images/val/battery_7618783a1b147ec68139.jpg"
"battery","battery_5936592d75b88b76dc67.jpg","cfff89dd4eeb0c52d38cdffc88a40e3975e9fe7889477503e436928244147da8","08f3bdbc5961b609637638fb9f12e8b175f092927b5ce02eadda7e92c2c12c3e","/share/Container/aihub_original_legacy_refined_materialized_v2_20260904/result/images/val/battery_5936592d75b88b76dc67.jpg"
"battery","battery_c48ac20db2609e9ebac9.jpg","2dc718755a5e71b8ce35c956e1a71cb1cf96cd71a6c362a4f3fc79bc30735fd5","097c0229f462b36e918298daa16697146c550073ea9a20123f6d31bcb03afbaf","/share/Container/aihub_original_legacy_refined_materialized_v2_20260904/result/images/val/battery_c48ac20db2609e9ebac9.jpg"
"battery","battery_072cc6ed0be542c3ae22.jpg","027ac80b8dbbde11cc708c0c7d9c8bae1fe94d68e354c2bbbf045f8dd6725c02","09f649362338b8072868e380527d2cd2f5e79e20d9e3dc8065c4692282b54036","/share/Container/aihub_original_legacy_refined_materialized_v2_20260904/result/images/val/battery_072cc6ed0be542c3ae22.jpg"
"battery","battery_67f34ab6f1c1f0982d66.jpg","c521e45e9cad956295584455fa23c586fe81a1f4edff0c6eb369d30a59391dd6","0ad1dafa3ee59212420fe0a35a7d0f5d0e0a6660242bec31e2f2a9bca9bb44c7","/share/Container/aihub_original_legacy_refined_materialized_v2_20260904/result/images/val/battery_67f34ab6f1c1f0982d66.jpg"
"battery","battery_30fbc7a7ce4f463690ed.jpg","37f49e5d6f72bdc3d45aa7f6e55cc2e20e601d7e4dd1587331c2efa7e7d70bd8","0b7a9c2c3ba505d6a811bb347ec1c96e4b6c9829247fb85ff52cea70249855f4","/share/Container/aihub_original_legacy_refined_materialized_v2_20260904/result/images/val/battery_30fbc7a7ce4f463690ed.jpg"
"battery","battery_f16792f1a29f8a0c06bb.jpg","6d229c58a67b6b92919835f4adecb06f6cdea161610481ca4a9897e07e276f93","0bc40cfa2b53c26332b3ed99f1002250650fe0dfd894b2c07a0fccb8b5dfd7be","/share/Container/aihub_original_legacy_refined_materialized_v2_20260904/result/images/val/battery_f16792f1a29f8a0c06bb.jpg"
"battery","battery_0691b2065177fd925b6f.jpg","d382dac04f66ce4dc07c8887cfc1fba37537a97bf657f188b85b777c37a12c5d","0bd1bfecfbf3877253dc7be679e359c3f4bc186a0440ff610b4fdaccd08cd9ad","/share/Container/aihub_original_legacy_refined_materialized_v2_20260904/result/images/val/battery_0691b2065177fd925b6f.jpg"
"battery","battery_b5e46eed64eafc59ded0.jpg","0c27195a4e3d370d22fba73577982b795583a10458a845494753e0c97142bec9","0bfee77fe69d95994c1806cdeeb3bf09c9fa9c456758d36c888f467211bf59ae","/share/Container/aihub_original_legacy_refined_materialized_v2_20260904/result/images/val/battery_b5e46eed64eafc59ded0.jpg"
"battery","battery_1a2f9fce4e2f96189b25.jpg","a6911b8c63c1d82895c81e98fbd9372c7c4c8c49f443b815f071618f240d0373","0f355d511a2467228ba7a4f9e28a19ae9d50bcfe7326af473966c3c559cdf371","/share/Container/aihub_original_legacy_refined_materialized_v2_20260904/result/images/val/battery_1a2f9fce4e2f96189b25.jpg"
"battery","battery_5406dcac05669165ddf1.jpg","4fd084673d012a4b4be24488e8cc78fb75990150e800c56251efbeaf2866d10f","111832be6e6c43caa1c5d9bba7183f2d31191e1c29c7833ef9a6da32c12052e7","/share/Container/aihub_original_legacy_refined_materialized_v2_20260904/result/images/val/battery_5406dcac05669165ddf1.jpg"
"battery","battery_7d9852e621451a869631.jpg","acfff17402fa24ddf5a61470c6dba2f2b116ac92dfedfd00c75e528484f56e1d","11a5ee9d90542db61673288a5baa3a91ec985a949480faa7938a142d7a191681","/share/Container/aihub_original_legacy_refined_materialized_v2_20260904/result/images/val/battery_7d9852e621451a869631.jpg"
"battery","battery_f94af2db1a4c326d1f90.jpg","e1dd0638b8ffb662179ec67e14c33f6f1200fdef8058b348ce1f06beee7a7ec1","11d4efdea5fe4e482d6ad60b20ab752df88901f1913553530b75598ed617b293","/share/Container/aihub_original_legacy_refined_materialized_v2_20260904/result/images/val/battery_f94af2db1a4c326d1f90.jpg"
"battery","battery_ba8da6d88a28702058fb.jpg","d2a54c084e9ebef70f35046be8bf09d2b350f40c578f42ac22d1548431e64bad","1314c287d978d233d6527a0eec9f1a4a6c096396b55c7c385d5d90bd82f1f459","/share/Container/aihub_original_legacy_refined_materialized_v2_20260904/result/images/val/battery_ba8da6d88a28702058fb.jpg"
"battery","battery_efdf68d170d00961671b.jpg","f56afbf5930620454157e14a1936ebb8b0c4443e17422887a90f201484e384eb","1328407efab1e1f9d31a4f0e1eb9ce2b9c4e877301b655aa0155d2d5b53e4d68","/share/Container/aihub_original_legacy_refined_materialized_v2_20260904/result/images/val/battery_efdf68d170d00961671b.jpg"
"battery","battery_d8de3bd4eb1f9d9b258a.jpg","e370455db2c5c635417e3b6261680f85fb292f2b0698a83d93309a1295541c41","14a2b98d87a0e1e257daa05dd9f19466914185c6875b9251b5152210e07cc3cd","/share/Container/aihub_original_legacy_refined_materialized_v2_20260904/result/images/val/battery_d8de3bd4eb1f9d9b258a.jpg"
"battery","battery_c452fb395edeec227fbd.jpg","a63b9aced1701ed074edbb40afe60d5bee649f7e5b679f572dbc7bbe45a6a99f","15a6b89825bd92ae06b8193f73d9991426d8dad63fe518e73fd8f81fdb63f845","/share/Container/aihub_original_legacy_refined_materialized_v2_20260904/result/images/val/battery_c452fb395edeec227fbd.jpg"
"battery","battery_f211895c27880dd972b3.jpg","dddf222bf139c7da818f25e3ab4df5316f381ca4b8020441b46889b89d7c24d9","15d58ead110ed3d0fa67df4d27b2bbd8862c7196f688131909083ca13b20e046","/share/Container/aihub_original_legacy_refined_materialized_v2_20260904/result/images/val/battery_f211895c27880dd972b3.jpg"
"battery","battery_389c4307e0c83770434d.jpg","46b1b71e705f20e826c8602b74a2bf2dbbbdacc112d71f2d9cd13a898203eab8","16098de3ff43b2302e2ff70782654c85adbddde7d4f3489a014d386fcfdb1faa","/share/Container/aihub_original_legacy_refined_materialized_v2_20260904/result/images/val/battery_389c4307e0c83770434d.jpg"
"battery","battery_c3c9fad664d29050271a.jpg","6b1d9252d2e50b04e9869f0f8c071d7c296a93f46f95ec6007e3f876edde3fdc","16273c3a91dea8b56719309a96a2a4c725159cd6126ed4935698e21d1dbad74e","/share/Container/aihub_original_legacy_refined_materialized_v2_20260904/result/images/val/battery_c3c9fad664d29050271a.jpg"
"battery","battery_551699e486f549af4e79.jpg","ab5b83ef76dc7e2de85d58dffbbe863738438a87f7fc36cae78194e6535401a3","1779b0fbc043156bbd9a66ec83b042be73a87c22ec97caaf643b8f32e89e763c","/share/Container/aihub_original_legacy_refined_materialized_v2_20260904/result/images/val/battery_551699e486f549af4e79.jpg"
"battery","battery_c4eed9fd8059b136050d.jpg","b8564e8c7105463cdb39e525272eb749f577bc1a55fcfa6754da7a57b162c323","179f70246a38c69e9280fa5e8aa4c79f596e2b0e96b0389d719dafadc61f9014","/share/Container/aihub_original_legacy_refined_materialized_v2_20260904/result/images/val/battery_c4eed9fd8059b136050d.jpg"
"fluorescent","fluorescent_e0b88121e1a7b0c41a6e.jpg","166e8e476ef508046a4daf2b2859fc2cd02d90de70908bca9f7de390b494a178","001c077b298e4b7d9a688c29a37b85441785b4c4e75d218229516b14f6730462","/share/Container/aihub_original_legacy_refined_materialized_v2_20260904/result/images/val/fluorescent_e0b88121e1a7b0c41a6e.jpg"
"fluorescent","fluorescent_a0131efc7c35ffec7abb.jpg","9582222ae77d84f97a779f91c167492d58d6b86e288b039c378f19b2d172a402","008e708b1f6ddd54ab637ec98856653b42c0bca68d76352033c891ef7355ff70","/share/Container/aihub_original_legacy_refined_materialized_v2_20260904/result/images/val/fluorescent_a0131efc7c35ffec7abb.jpg"
"fluorescent","fluorescent_bb2460188e97824e870a.jpg","8c9d2836799e1f19c41b43705d5e186d8be7db15755e2c474cdb803bc783d978","0129d39aa26391233da4395eb40469a358c6aa2e13db5304587aff6b37fe4a54","/share/Container/aihub_original_legacy_refined_materialized_v2_20260904/result/images/val/fluorescent_bb2460188e97824e870a.jpg"
"fluorescent","fluorescent_81b3926ab01bf5f37cd9.jpg","8890edca47285c22abe9047f75adcd50162b4676992aed91654c0da4fa4a1b2c","04e1ad3c79649edc014de11b11e6e0c5c5e87b5a05dc9468d7a1510c476d58fb","/share/Container/aihub_original_legacy_refined_materialized_v2_20260904/result/images/val/fluorescent_81b3926ab01bf5f37cd9.jpg"
"fluorescent","fluorescent_33c1efa0b2100d74ed99.jpg","cfdc2fe3912ab185c93effcaf89b77627c59b47f5437d38f233989eaf6656372","05d849600c0cf66a81a1de864c948772b6952e5b45bfa223511d5e4391b5bb92","/share/Container/aihub_original_legacy_refined_materialized_v2_20260904/result/images/val/fluorescent_33c1efa0b2100d74ed99.jpg"
"fluorescent","fluorescent_8dbebf8b98199360a4f7.jpg","dbc1d7b112b2dbca83f174698eb80c9f6779629f7f022f52a241e11207699b0d","0650a24688059e9de113721193755b557b9fa1a4b27b54e2ea4afd4eb9974f68","/share/Container/aihub_original_legacy_refined_materialized_v2_20260904/result/images/val/fluorescent_8dbebf8b98199360a4f7.jpg"
"fluorescent","fluorescent_818527a555377dae786a.jpg","1c528a30ae12fa1025939b38401df58d6bc180eeba9582b2acbce66afda741db","0a497253fcf85ffce6e2ea1cca0adea960c0cf1b08fd5494384a0dfba4eee88d","/share/Container/aihub_original_legacy_refined_materialized_v2_20260904/result/images/val/fluorescent_818527a555377dae786a.jpg"
"fluorescent","fluorescent_c9bb9d3b4cd5b28d3ac5.jpg","79b61e2bcdc9f4c40d79cdcd8f56c5fbf0a6c4c8f8da91a20ec321b07120f8ca","0cd0c9a8fa80b1df5eaae99708c845b19b9e71fed4b73516bd86d880f3f0b3cf","/share/Container/aihub_original_legacy_refined_materialized_v2_20260904/result/images/val/fluorescent_c9bb9d3b4cd5b28d3ac5.jpg"
"fluorescent","fluorescent_3f6ce655e3b1f0fde098.jpg","44401d284e4980813ad6325cbc6e5613bf01efc4c0335e8e24721b5c47a4beff","0dceb5c069c782535c2f73c141d1211c33234712fa5333f45d1b97b858ffb4b9","/share/Container/aihub_original_legacy_refined_materialized_v2_20260904/result/images/val/fluorescent_3f6ce655e3b1f0fde098.jpg"
"fluorescent","fluorescent_c07fa72486eda2e076fa.jpg","280ca86f5161dfe1ea52cfbf5f531a79be6089c81b56548d3b0fbc0ed17c74fb","0def35208a7a456e07edb8a2ded780041504f4c36cc7468105f2559e85c1295a","/share/Container/aihub_original_legacy_refined_materialized_v2_20260904/result/images/val/fluorescent_c07fa72486eda2e076fa.jpg"
"fluorescent","fluorescent_2b0298ebca0d20ac4893.jpg","e0a696c93cdc4ce65a853c88933062d6b368537015f9173d6f3ad76a50719433","0e2b606cefa77cecb5ac006d8bb7d39daa0c0f8de1dc5b7ddebb622c51fc299c","/share/Container/aihub_original_legacy_refined_materialized_v2_20260904/result/images/val/fluorescent_2b0298ebca0d20ac4893.jpg"
"fluorescent","fluorescent_eb17e83637feade6e0ad.jpg","6c2c989985a67ae1d05377b55ff19f9d03874b9a0c0c4aa716cf61c40724f0ed","1040ed301d767d54d5afb2b4c9954d655cbf0bc22a5c8a532700ffa44e488747","/share/Container/aihub_original_legacy_refined_materialized_v2_20260904/result/images/val/fluorescent_eb17e83637feade6e0ad.jpg"
"fluorescent","fluorescent_11269f3729e49e89a1be.jpg","8ef28fed6edabf9d0c057bd51e623e468d364abc10d3870835d5e95961dc9b36","113298a48f10fc78e49813aad9b328b060a79c8ff07482a2f00bd84ad5c4bd5a","/share/Container/aihub_original_legacy_refined_materialized_v2_20260904/result/images/val/fluorescent_11269f3729e49e89a1be.jpg"
"fluorescent","fluorescent_bbe04e91ae8e54360c6a.jpg","4ffad367efb3295258240082b844184aeb914214d336e62d5bc472165b119b14","12a09ab15764b78668c2436df821236f32427a23e711d87bcdf7c823edbdaa77","/share/Container/aihub_original_legacy_refined_materialized_v2_20260904/result/images/val/fluorescent_bbe04e91ae8e54360c6a.jpg"
"fluorescent","fluorescent_f63d01be069cb03b6343.jpg","02ab15a83e339e9aeb632394104825a4d5695aba00e1aeb98d6363d21c7c0348","12b2ce5656fc8024a82c46e65edf309d5aa42cf082b8164159bc7371d21ac308","/share/Container/aihub_original_legacy_refined_materialized_v2_20260904/result/images/val/fluorescent_f63d01be069cb03b6343.jpg"
"fluorescent","fluorescent_3761cb68a65a6a4c3a59.jpg","02bf50826ee7ca5f18461b223d5306756e3d820e6b37fc91e695ada3c3c86693","12f1bec1115c0aa7b25cbf38465c330dab425e3dd53a197303ed1eb7e72d494d","/share/Container/aihub_original_legacy_refined_materialized_v2_20260904/result/images/val/fluorescent_3761cb68a65a6a4c3a59.jpg"
"fluorescent","fluorescent_723c224e3024affc34b6.jpg","f3deee91c4b1dda244004ada53f452444eaf9237a14f33f4cdf9154fae5cf4cc","14a5697857a13962347cf410ec374d0bddbea3420765fa478cb441f6577103ed","/share/Container/aihub_original_legacy_refined_materialized_v2_20260904/result/images/val/fluorescent_723c224e3024affc34b6.jpg"
"fluorescent","fluorescent_3ca54c2f9485bc4ff4be.jpg","1a3df581544695005e89d1f18ab258f2a61734bb5b7bd76294feef4ca31d5929","156141860a934b60bead967405e17077a48ef535a8677370622071ff6d58a293","/share/Container/aihub_original_legacy_refined_materialized_v2_20260904/result/images/val/fluorescent_3ca54c2f9485bc4ff4be.jpg"
"fluorescent","fluorescent_af8359a3e1f34a3870be.jpg","dd3523c8194fd1e86da668f8a3af16c8abfb3f6ff5e3a60ad38bd8876a28acda","1651720b00971d842f5299608af3ee4ae3f4322016322924ee7def33c6e3450e","/share/Container/aihub_original_legacy_refined_materialized_v2_20260904/result/images/val/fluorescent_af8359a3e1f34a3870be.jpg"
"fluorescent","fluorescent_ec82a7a221ad3819b0bd.jpg","51010599d4d11eff7e47bf2e803fbccf8788a998eeb6e5482082d6f27770cdd4","169a582fcabae501daebbb52bc7f0f07912fdc4fc7c9f84f62502ee08572a494","/share/Container/aihub_original_legacy_refined_materialized_v2_20260904/result/images/val/fluorescent_ec82a7a221ad3819b0bd.jpg"
"fluorescent","fluorescent_5588b3bdaa8e0aeeb7a2.jpg","f0b25b2f25471a45c9e3bc7db51384e2799d7979709b2a862557d794945d312b","16aa5a433a339a2461493241c9e504353291f15aed516bc866543a395a133376","/share/Container/aihub_original_legacy_refined_materialized_v2_20260904/result/images/val/fluorescent_5588b3bdaa8e0aeeb7a2.jpg"
"fluorescent","fluorescent_38dee660a1a9afcadc53.jpg","acef4bfb02053dac9d3bcef6fcb8787ebc1f8280bdc9923ad855a8d1c1b67c2e","17c29c183c9f292684f89af2888989f60c6556ce5e78391dca46d1adee6458aa","/share/Container/aihub_original_legacy_refined_materialized_v2_20260904/result/images/val/fluorescent_38dee660a1a9afcadc53.jpg"
"fluorescent","fluorescent_8ec2a1614671236cd91c.jpg","575a24ae1ab1111383bc17ad9c781a26bfa4a8f5178966932f5c46c35d32118d","18516eadc9d55392b1b28a83eff9e699da9e346f9c5114f21b6d302c9524e5f6","/share/Container/aihub_original_legacy_refined_materialized_v2_20260904/result/images/val/fluorescent_8ec2a1614671236cd91c.jpg"
"fluorescent","fluorescent_caf7d970c266b8938665.jpg","61ce336acf9db2f56052991a0d6ba18498a9af308b75165b2cebb2a6ddaeb7ad","19e2e4263585edc8568cfe2fd10c4cdbb30651773f49f4fc0a24240bda74fdc0","/share/Container/aihub_original_legacy_refined_materialized_v2_20260904/result/images/val/fluorescent_caf7d970c266b8938665.jpg"
"fluorescent","fluorescent_220ac3b0afad9c26b144.jpg","7de91512bb397a4a77906b3422ecdb6ce24818b82b196cef6bcdd4b0a038f722","19e407d21a52fd6cff88c4b07e2bc631341e12543507251729930bc440d5df94","/share/Container/aihub_original_legacy_refined_materialized_v2_20260904/result/images/val/fluorescent_220ac3b0afad9c26b144.jpg"
"fluorescent","fluorescent_dd03a8c3f7ffd50fab49.jpg","a3b08962a9746a07d17e249a5ddd4513e4e1283c12ce79ae93ff2303569f2d28","1a6d99f7e27ba997dbc76857b5b9dd96514f237577b92a1e16518a7305287a5d","/share/Container/aihub_original_legacy_refined_materialized_v2_20260904/result/images/val/fluorescent_dd03a8c3f7ffd50fab49.jpg"
"fluorescent","fluorescent_33e9e0b2ff6efec71665.jpg","a40f92f4f25ac96a1ecf7454a8f8e4e9d82067b69386795329b94e83a17f1937","1a8c480ac42b9052a70278b3daa1ef5098159cacfd9480aa46a60a2ff850cb5f","/share/Container/aihub_original_legacy_refined_materialized_v2_20260904/result/images/val/fluorescent_33e9e0b2ff6efec71665.jpg"
"fluorescent","fluorescent_c51bb84888823cc8865b.jpg","6f8845ee95aa63ccadbccc337cd48c7234315430aa02709db2dd6193e372bada","1b31468e3a1e6e97090ef20ccb0aa32ce54ac8dda7be7baaa7c5a9f1e8d0035d","/share/Container/aihub_original_legacy_refined_materialized_v2_20260904/result/images/val/fluorescent_c51bb84888823cc8865b.jpg"
"fluorescent","fluorescent_a87dfea3e664fbca7056.jpg","395816451bfbebde57675e590df8dc39aef4e3a91609ba85864cf533d7f81b74","1e43ae1d57a085664b8b52e7357e464c89c0cc889d3fe084c57a352a3aabc83a","/share/Container/aihub_original_legacy_refined_materialized_v2_20260904/result/images/val/fluorescent_a87dfea3e664fbca7056.jpg"
"fluorescent","fluorescent_8aae818e3920ae11bb8b.jpg","b3d1e1158c9ba4f015c8d1efbde7803e0738851cfe05af5ea616fa63bade0c6c","1f96f41efff5b6d12f4d365f085831be54a367e98eb56b39fbbbf38021b544e0","/share/Container/aihub_original_legacy_refined_materialized_v2_20260904/result/images/val/fluorescent_8aae818e3920ae11bb8b.jpg"
